年份,国家,lg
2019,阿富汗,4.098834467494953
2018,阿富汗,4.135806352029695
2017,阿富汗,4.1734637666747
2016,阿富汗,4.213164097564083
2015,阿富汗,4.254761283628006
2014,阿富汗,4.2983732496766285
2013,阿富汗,4.341595188879544
2012,阿富汗,4.386267628931136
2011,阿富汗,4.4297447958819784
2010,阿富汗,4.473009282385752
2009,阿富汗,4.515573652176335
2008,阿富汗,4.558078578454241
2007,阿富汗,4.600459106257972
2006,阿富汗,4.641502115235482
2005,阿富汗,4.681204872264089
2004,阿富汗,4.719391330078114
2003,阿富汗,4.7561730595246186
2002,阿富汗,4.79081953287472
2001,阿富汗,4.825108606353353
2019,阿尔巴尼亚,2.2700619012884857
2018,阿尔巴尼亚,2.254444717666111
2017,阿尔巴尼亚,2.2428350885882717
2016,阿尔巴尼亚,2.2428350885882717
2015,阿尔巴尼亚,2.258633205464863
2014,阿尔巴尼亚,2.2925347571405443
2013,阿尔巴尼亚,2.344686269012681
2012,阿尔巴尼亚,2.414126467726953
2011,阿尔巴尼亚,2.4965057856313524
2010,阿尔巴尼亚,2.583997552432231
2009,阿尔巴尼亚,2.670694414558441
2008,阿尔巴尼亚,2.7568403652716422
2007,阿尔巴尼亚,2.839663087904102
2006,阿尔巴尼亚,2.918851229218033
2005,阿尔巴尼亚,2.993730270883318
2004,阿尔巴尼亚,3.064791809485486
2003,阿尔巴尼亚,3.132009891846539
2002,阿尔巴尼亚,3.193352867637115
2001,阿尔巴尼亚,3.250374491927572
2019,阿尔及利亚,3.1467351470905185
2018,阿尔及利亚,3.170105660498771
2017,阿尔及利亚,3.1912990570979662
2016,阿尔及利亚,3.210440346047099
2015,阿尔及利亚,3.2260500286162013
2014,阿尔及利亚,3.2378938307039626
2013,阿尔及利亚,3.2495989975110415
2012,阿尔及利亚,3.2646137165420543
2011,阿尔及利亚,3.2850380271218693
2010,阿尔及利亚,3.311637304949512
2009,阿尔及利亚,3.3456846717318967
2008,阿尔及利亚,3.3843902633457743
2007,阿尔及利亚,3.4262151446374434
2006,阿尔及利亚,3.469478889078561
2005,阿尔及利亚,3.5136328109919437
2004,阿尔及利亚,3.5567756134805992
2003,阿尔及利亚,3.597312260588446
2002,阿尔及利亚,3.6320445173613978
2001,阿尔及利亚,3.659965443949294
2019,安道尔共和国,1.0885619528146082
2018,安道尔共和国,1.128171090909654
2017,安道尔共和国,1.169381359556317
2016,安道尔共和国,1.2149127443642704
2015,安道尔共和国,1.2612978709452054
2014,安道尔共和国,1.3110318766193438
2013,安道尔共和国,1.3635373739972745
2012,安道尔共和国,1.415853163361435
2011,安道尔共和国,1.4701758451005926
2010,安道尔共和国,1.5282278570085572
2009,安道尔共和国,1.5810384379124025
2008,安道尔共和国,1.6331544390514163
2007,安道尔共和国,1.6900958154515549
2006,安道尔共和国,1.7369512327330598
2005,安道尔共和国,1.7884205679625405
2004,安道尔共和国,1.8373699804801074
2003,安道尔共和国,1.884034745337226
2002,安道尔共和国,1.937301774518713
2001,安道尔共和国,1.9837562915454279
2019,安哥拉,4.313346214368975
2018,安哥拉,4.352469082431556
2017,安哥拉,4.38974675768902
2016,安哥拉,4.433313679041901
2015,安哥拉,4.4796069630127455
2014,安哥拉,4.5324919604901055
2013,安哥拉,4.59127408079598
2012,安哥拉,4.653960350157523
2011,安哥拉,4.721173861744398
2010,安哥拉,4.789988622980633
2009,安哥拉,4.856706811803519
2008,安哥拉,4.922896379788249
2007,安哥拉,4.9890711161804155
2006,安哥拉,5.051137237405586
2005,安哥拉,5.109575241951159
2004,安哥拉,5.162497643405501
2003,安哥拉,5.21057845224003
2002,安哥拉,5.251749730731702
2001,安哥拉,5.287256419188612
2019,阿根廷,2.225704048658088
2018,阿根廷,2.280339484046726
2017,阿根廷,2.3350522831315472
2016,阿根廷,2.387844936944869
2015,阿根廷,2.4397349311412793
2014,阿根廷,2.4898941912990393
2013,阿根廷,2.5392369943330477
2012,阿根廷,2.5862591440482876
2011,阿根廷,2.6304489550786583
2010,阿根廷,2.670694414558441
2009,阿根廷,2.703372611551099
2008,阿根廷,2.7298116928837226
2007,阿根廷,2.753023566744941
2006,阿根廷,2.7781979610042917
2005,阿根廷,2.805781689595545
2004,阿根廷,2.837322536806349
2003,阿根廷,2.871868286331605
2002,阿根廷,2.9079933592459843
2001,阿根廷,2.942331496826876
2019,亚美尼亚,2.4672517145492794
2018,亚美尼亚,2.5152741864043966
2017,亚美尼亚,2.5649493574615367
2016,亚美尼亚,2.6166656393003573
2015,亚美尼亚,2.6658383522929006
2014,亚美尼亚,2.716018370751387
2013,亚美尼亚,2.766319109226186
2012,亚美尼亚,2.8166056076565553
2011,亚美尼亚,2.8673305587494666
2010,亚美尼亚,2.9183111265854063
2009,亚美尼亚,2.969388298214389
2008,亚美尼亚,3.0209125720842893
2007,亚美尼亚,3.072230244526716
2006,亚美尼亚,3.1232455938529506
2005,亚美尼亚,3.173878458937465
2004,亚美尼亚,3.2244602031621015
2003,亚美尼亚,3.2748780149834857
2002,亚美尼亚,3.3250360206965914
2001,亚美尼亚,3.3745111163996495
2019,澳大利亚,1.2809338454620642
2018,澳大利亚,1.297463147413275
2017,澳大利亚,1.3137236682850553
2016,澳大利亚,1.3297240096314962
2015,澳大利亚,1.3506671834767394
2014,澳大利亚,1.3812818192963463
2013,澳大利亚,1.4182774069729414
2012,澳大利亚,1.463255402256019
2011,澳大利亚,1.5129270120532565
2010,澳大利亚,1.5623463049002497
2009,澳大利亚,1.6094379124341003
2008,澳大利亚,1.6524974018945473
2007,澳大利亚,1.6882490928583902
2006,澳大利亚,1.7191887763932197
2005,澳大利亚,1.7439688053917064
2004,澳大利亚,1.763017000362401
2003,澳大利亚,1.776645831418007
2002,澳大利亚,1.7884205679625405
2001,澳大利亚,1.8050046959780757
2019,奥地利,1.244154593958768
2018,奥地利,1.264126727145683
2017,奥地利,1.2781522025001875
2016,奥地利,1.2947271675944
2015,奥地利,1.3110318766193438
2014,奥地利,1.332366019094335
2013,奥地利,1.3635373739972745
2012,奥地利,1.3987168811184478
2011,奥地利,1.43746264769429
2010,奥地利,1.4678743481123135
2009,奥地利,1.4929040961781488
2008,奥地利,1.5129270120532565
2007,奥地利,1.534714366238164
2006,奥地利,1.55814461804655
2005,奥地利,1.5871923034867805
2004,奥地利,1.6213664832993742
2003,奥地利,1.6505798557652755
2002,奥地利,1.673351238177753
2001,奥地利,1.6900958154515549
2019,阿塞拜疆,3.0170044088295307
2018,阿塞拜疆,3.0726933146901194
2017,阿塞拜疆,3.1346242724206097
2016,阿塞拜疆,3.2011191032789417
2015,阿塞拜疆,3.270708973508218
2014,阿塞拜疆,3.343215099123808
2013,阿塞拜疆,3.4134552790576573
2012,阿塞拜疆,3.484312288372662
2011,阿塞拜疆,3.5544905510752844
2010,阿塞拜疆,3.6219380483600547
2009,阿塞拜疆,3.6908774567766094
2008,阿塞拜疆,3.7579389900454307
2007,阿塞拜疆,3.8238473145244205
2006,阿塞拜疆,3.889572876590554
2005,阿塞拜疆,3.955274047422461
2004,阿塞拜疆,4.024279687773814
2003,阿塞拜疆,4.094844437263752
2002,阿塞拜疆,4.168678699274804
2001,阿塞拜疆,4.2417583141109265
2019,巴哈马,2.533696813957432
2018,巴哈马,2.5610957881455465
2017,巴哈马,2.587011872725154
2016,巴哈马,2.613006652415316
2015,巴哈马,2.6361960973342264
2014,巴哈马,2.658159431488745
2013,巴哈马,2.67827804276854
2012,巴哈马,2.700018029404946
2011,巴哈马,2.7226103524335397
2010,巴哈马,2.7447035187502458
2009,巴哈马,2.766319109226186
2008,巴哈马,2.7862450486872667
2007,巴哈马,2.8039662579320366
2006,巴哈马,2.8172035149987327
2005,巴哈马,2.8231630082027146
2004,巴哈马,2.822568654544802
2003,巴哈马,2.8160073426073025
2002,巴哈马,2.805176911832933
2001,巴哈马,2.7942278973432626
2019,巴林,1.9315214116032138
2018,巴林,1.958685340544036
2017,巴林,1.9837562915454279
2016,巴林,2.004179057179289
2015,巴林,2.0241930674493576
2014,巴林,2.038619547159581
2013,巴林,2.0554049638515948
2012,巴林,2.0769384114617173
2011,巴林,2.105352923464337
2010,巴林,2.1412419425852827
2009,巴林,2.186051276738094
2008,巴林,2.234306252240751
2007,巴林,2.281361456542419
2006,巴林,2.3243465847755584
2005,巴林,2.362739015813793
2004,巴林,2.3942522815198695
2003,巴林,2.423031246069913
2002,巴林,2.4518667957098
2001,巴林,2.4849066497880004
2019,孟加拉国,3.4258899942525267
2018,孟加拉国,3.4741380060638707
2017,孟加拉国,3.5240048109237025
2016,孟加拉国,3.5745903077118086
2015,孟加拉国,3.6254070311583626
2014,孟加拉国,3.676300671907076
2013,孟加拉国,3.727138166231027
2012,孟加拉国,3.778948651202804
2011,孟加拉国,3.8316802527456075
2010,孟加拉国,3.8854736701946093
2009,孟加拉国,3.940804806853598
2008,孟加拉国,3.9972828493789696
2007,孟加拉国,4.054563692210256
2006,孟加拉国,4.1121844803504315
2005,孟加拉国,4.170224772557419
2004,孟加拉国,4.228000947034774
2003,孟加拉国,4.2857910267930555
2002,孟加拉国,4.343675543289958
2001,孟加拉国,4.401951803481151
2019,巴巴多斯,2.5384474167160302
2018,巴巴多斯,2.567254391136754
2017,巴巴多斯,2.5937610547000824
2016,巴巴多斯,2.6195832197798796
2015,巴巴多斯,2.6411978941143697
2014,巴巴多斯,2.6616571615324998
2013,巴巴多斯,2.6775909936175015
2012,巴巴多斯,2.688527534613346
2011,巴巴多斯,2.6979998652487085
2010,巴巴多斯,2.7073833121145063
2009,巴巴多斯,2.717340248009303
2008,巴巴多斯,2.727199019940971
2007,巴巴多斯,2.7376090033437546
2006,巴巴多斯,2.747270914255491
2005,巴巴多斯,2.753023566744941
2004,巴巴多斯,2.7555697170701863
2003,巴巴多斯,2.7523860149222616
2002,巴巴多斯,2.7427736371605955
2001,巴巴多斯,2.7298116928837226
2019,白俄罗斯,1.172482137234565
2018,白俄罗斯,1.2296405510745139
2017,白俄罗斯,1.2864740258376797
2016,白俄罗斯,1.3428648031925547
2015,白俄罗斯,1.3937663759585917
2014,白俄罗斯,1.4469189829363254
2013,白俄罗斯,1.5040773967762742
2012,白俄罗斯,1.5644405465033646
2011,白俄罗斯,1.6331544390514163
2010,白俄罗斯,1.7083778602890038
2009,白俄罗斯,1.791759469228055
2008,白俄罗斯,1.8794650496471605
2007,白俄罗斯,1.969905654611529
2006,白俄罗斯,2.057962510002712
2005,白俄罗斯,2.1424163408412245
2004,白俄罗斯,2.224623551524334
2003,白俄罗斯,2.303584593327129
2002,白俄罗斯,2.3832429960115
2001,白俄罗斯,2.4655539212721855
2019,比利时,1.2267122912954254
2018,比利时,1.2612978709452054
2017,比利时,1.297463147413275
2016,比利时,1.33500106673234
2015,比利时,1.3711807233098425
2014,比利时,1.4036429994545037
2013,比利时,1.4327007339340465
2012,比利时,1.4586150226995167
2011,比利时,1.47932922708708
2010,比利时,1.4973884086254774
2009,比利时,1.5151272329628591
2008,比利时,1.534714366238164
2007,比利时,1.5539252025038417
2006,比利时,1.5748464676644813
2005,比利时,1.5953389880545987
2004,比利时,1.623340817603092
2003,比利时,1.6524974018945473
2002,比利时,1.6863989535702288
2001,比利时,1.7209792871670078
2019,伯利兹,2.510411940196362
2018,伯利兹,2.5649493574615367
2017,伯利兹,2.6195832197798796
2016,伯利兹,2.67552700939665
2015,伯利兹,2.7298116928837226
2014,伯利兹,2.7806808921371173
2013,伯利兹,2.8284963541780774
2012,伯利兹,2.8713021951758138
2011,伯利兹,2.9090844668283187
2010,伯利兹,2.9407479652212314
2009,伯利兹,2.967332799032293
2008,伯利兹,2.9892110565637253
2007,伯利兹,3.0081547935525483
2006,伯利兹,3.0248055210396982
2005,伯利兹,3.040705639196722
2004,伯利兹,3.0572976292121457
2003,伯利兹,3.076851324838783
2002,伯利兹,3.100092288878234
2001,伯利兹,3.1280754605417043
2019,贝宁,4.503026712319388
2018,贝宁,4.5301233116651805
2017,贝宁,4.555244377218366
2016,贝宁,4.579031528378397
2015,贝宁,4.601061757943548
2014,贝宁,4.623010104116422
2013,贝宁,4.6443908991413725
2012,贝宁,4.666265285347902
2011,贝宁,4.687671407499835
2010,贝宁,4.707726774313183
2009,贝宁,4.727387818712341
2008,贝宁,4.747537427275013
2007,贝宁,4.767289035464526
2006,贝宁,4.788324729085938
2005,贝宁,4.810557015713042
2004,贝宁,4.8338981155962015
2003,贝宁,4.858260813670253
2002,贝宁,4.883559211528279
2001,贝宁,4.9082333604781745
2019,不丹,3.3495531485098167
2018,不丹,3.3874364664121184
2017,不丹,3.4226326623822203
2016,不丹,3.459466289786131
2015,不丹,3.4989288701554906
2014,不丹,3.5429862539335333
2013,不丹,3.5874002851640823
2012,不丹,3.634159241913703
2011,不丹,3.6858749450936377
2010,不丹,3.7419461750506287
2009,不丹,3.8017616111706087
2008,不丹,3.8636727444870993
2007,不丹,3.9253340194878183
2006,不丹,3.987872317711584
2005,不丹,4.049695810553219
2004,不丹,4.111856987306732
2003,不丹,4.171922696867475
2002,不丹,4.230622180514649
2001,不丹,4.288265254859407
2019,博茨瓦纳,3.728100167267218
2018,博茨瓦纳,3.7612001156935624
2017,博茨瓦纳,3.779177092094717
2016,博茨瓦纳,3.77597416096487
2015,博茨瓦纳,3.7177098357818132
2014,博茨瓦纳,3.6579046498145056
2013,博茨瓦纳,3.6211358020274167
2012,博茨瓦纳,3.618188713491167
2011,博茨瓦纳,3.6122683517420957
2010,博茨瓦纳,3.5579161895951237
2009,博茨瓦纳,3.571221410645704
2008,博茨瓦纳,3.6033215657522897
2007,博茨瓦纳,3.6230067099632284
2006,博茨瓦纳,3.6943643843445058
2005,博茨瓦纳,3.838591727342263
2004,博茨瓦纳,3.974809993526911
2003,博茨瓦纳,4.055776969072842
2002,博茨瓦纳,4.120499519698952
2001,博茨瓦纳,4.187075661479786
2019,巴西,2.6347624053323777
2018,巴西,2.664446563620078
2017,巴西,2.6953026282797072
2016,巴西,2.794839331174601
2015,巴西,2.7549337870010606
2014,巴西,2.785011242238338
2013,巴西,2.8160073426073025
2012,巴西,2.848970892158587
2011,巴西,2.8859174075467844
2010,巴西,2.9274534328006965
2009,巴西,2.9734866646066713
2008,巴西,3.0252910757955354
2007,巴西,3.0823685802135374
2006,巴西,3.1432898379116057
2005,巴西,3.208017081533325
2004,巴西,3.2748780149834857
2003,巴西,3.342861804649192
2002,巴西,3.410817625039146
2001,巴西,3.4784670171534557
2019,保加利亚,1.9065751436566365
2018,保加利亚,1.951608170169951
2017,保加利亚,1.9960599327407849
2016,保加利亚,2.0425181875752383
2015,保加利亚,2.0955609235597192
2014,保加利亚,2.1564025828159643
2013,保加利亚,2.222459048514761
2012,保加利亚,2.2874714551839976
2011,保加利亚,2.343727036325221
2010,保加利亚,2.3841650799864684
2009,保加利亚,2.4078456036515385
2008,保加利亚,2.4309783077624445
2007,保加利亚,2.4672517145492794
2006,保加利亚,2.5201129055226197
2005,保加利亚,2.5847519847577165
2004,保加利亚,2.655352412101761
2003,保加利亚,2.7206373166076814
2002,保加利亚,2.7713379403381286
2001,保加利亚,2.8130106367386967
2019,布基纳法索,4.47209583176275
2018,布基纳法索,4.507336825639328
2017,布基纳法索,4.541804310366271
2016,布基纳法索,4.575020209037208
2015,布基纳法索,4.612145799724517
2014,布基纳法索,4.648229675448539
2013,布基纳法索,4.684905154006945
2012,布基纳法索,4.722953221644475
2011,布基纳法索,4.761318868478023
2010,布基纳法索,4.801558999993482
2009,布基纳法索,4.845760650906022
2008,布基纳法索,4.891851758106289
2007,布基纳法索,4.939497266262916
2006,布基纳法索,4.987707789452551
2005,布基纳法索,5.0330488889331555
2004,布基纳法索,5.073923033332174
2003,布基纳法索,5.109575241951159
2002,布基纳法索,5.139907629800395
2001,布基纳法索,5.165357239291806
2019,布隆迪,4.033532422825343
2018,布隆迪,4.073461351305676
2017,布隆迪,4.116595171156921
2016,布隆迪,4.160132302760104
2015,布隆迪,4.208119576480946
2014,布隆迪,4.261975403606051
2013,布隆迪,4.319486116198983
2012,布隆迪,4.380024632003209
2011,布隆迪,4.442651256490317
2010,布隆迪,4.506343831681196
2009,布隆迪,4.570164576789276
2008,布隆迪,4.634728988229636
2007,布隆迪,4.69866052907543
2006,布隆迪,4.763881877142913
2005,布隆迪,4.823502180305079
2004,布隆迪,4.8782461060505105
2003,布隆迪,4.926528784799256
2002,布隆迪,4.9684234452869465
2001,布隆迪,5.007965065540377
2019,柬埔寨,3.2805352052549286
2018,柬埔寨,3.319263998899469
2017,柬埔寨,3.3614165116503107
2016,柬埔寨,3.403860499081639
2015,柬埔寨,3.453789831781326
2014,柬埔寨,3.5052570515869337
2013,柬埔寨,3.5633162311385904
2012,柬埔寨,3.6299253112702656
2011,柬埔寨,3.7047528032702264
2010,柬埔寨,3.7846440760983158
2009,柬埔寨,3.8640924716705958
2008,柬埔寨,3.9419700817960983
2007,柬埔寨,4.018722624087202
2006,柬埔寨,4.092676505121403
2005,柬埔寨,4.170996913743183
2004,柬埔寨,4.259293869291585
2003,柬埔寨,4.3556826593342794
2002,柬埔寨,4.462223176668158
2001,柬埔寨,4.571303116476514
2019,喀麦隆,4.314817884980432
2018,喀麦隆,4.350535967582511
2017,喀麦隆,4.392224459650327
2016,喀麦隆,4.436988192747856
2015,喀麦隆,4.482550472440181
2014,喀麦隆,4.531308337389636
2013,喀麦隆,4.576770711466393
2012,喀麦隆,4.622027303054514
2011,喀麦隆,4.662495252607361
2010,喀麦隆,4.701389043728634
2009,喀麦隆,4.738826570800765
2008,喀麦隆,4.767289035464526
2007,喀麦隆,4.794963757620747
2006,喀麦隆,4.821087692210561
2005,喀麦隆,4.845760650906022
2004,喀麦隆,4.869839484130799
2003,喀麦隆,4.895598484107897
2002,喀麦隆,4.921439715291784
2001,喀麦隆,4.945207488773801
2019,加拿大,1.5789787049493917
2018,加拿大,1.6034198401085373
2017,加拿大,1.6253112615903906
2016,加拿大,1.6467336971777973
2015,加拿大,1.6639260977181702
2014,加拿大,1.6808279085207734
2013,加拿大,1.6956156086751528
2012,加拿大,1.7083778602890038
2011,加拿大,1.7191887763932197
2010,加拿大,1.7316555451583497
2009,加拿大,1.7457155307266483
2008,加拿大,1.7595805708638197
2007,加拿大,1.7749523509116738
2006,加拿大,1.7884205679625405
2005,加拿大,1.80005827204275
2004,加拿大,1.8082887711792655
2003,加拿大,1.81319474994812
2002,加拿大,1.8164520818184267
2001,加拿大,1.8196988379172965
2019,乍得,4.73444252169223
2018,乍得,4.768139014266231
2017,乍得,4.799914262780603
2016,乍得,4.833102254034098
2015,乍得,4.8629083820668
2014,乍得,4.891100725401066
2013,乍得,4.918520005188451
2012,乍得,4.946629964120343
2011,乍得,4.973279507552487
2010,乍得,5.001258132283659
2009,乍得,5.027820118850356
2008,乍得,5.054333149361975
2007,乍得,5.078916801512661
2006,乍得,5.10230248262208
2005,乍得,5.12455904041457
2004,乍得,5.145166187053862
2003,乍得,5.165357239291806
2002,乍得,5.184028220145909
2001,乍得,5.202356975402125
2019,智利,1.9416152247724325
2018,智利,1.9740810260220096
2017,智利,2.005525858729668
2016,智利,2.0360119837525
2015,智利,2.065596134857783
2014,智利,2.0918640616783932
2013,智利,2.1126345090356
2012,智利,2.128231705849268
2011,智利,2.1447610078004784
2010,智利,2.163323025660538
2009,智利,2.178155014615869
2008,智利,2.1838015570040787
2007,智利,2.186051276738094
2006,智利,2.192770226986839
2005,智利,2.2082744135228043
2004,智利,2.2289385528257473
2003,智利,2.252343876557299
2002,智利,2.2823823856765264
2001,智利,2.3282528397426234
2019,中国,2.066862759472976
2018,中国,2.138889000323256
2017,中国,2.2159372862683733
2016,中国,2.2935443483418965
2015,中国,2.3711778844596574
2014,中国,2.448415541205585
2013,中国,2.5257286443082556
2012,中国,2.6026896854443837
2011,中国,2.6803363625346943
2010,中国,2.757475084429733
2009,中国,2.836736542063533
2008,中国,2.916689066213538
2007,中国,2.9997242948235283
2006,中国,3.086486636822455
2005,中国,3.177637076851603
2004,中国,3.269949095052201
2003,中国,3.3617633124167483
2002,中国,3.4496700351129332
2001,中国,3.5313480661272005
2019,哥伦比亚,2.6210388241125804
2018,哥伦比亚,2.6518325211039815
2017,哥伦比亚,2.6858045921548905
2016,哥伦比亚,2.717340248009303
2015,哥伦比亚,2.7485521444115397
2014,哥伦比亚,2.7819200496686656
2013,哥伦比亚,2.8142103969306005
2012,哥伦比亚,2.8466520505398383
2011,哥伦比亚,2.8803214220426634
2010,哥伦比亚,2.91180703861623
2009,哥伦比亚,2.9433857931817817
2008,哥伦比亚,2.9750192319564492
2007,哥伦比亚,3.005682604407159
2006,哥伦比亚,3.035914063186823
2005,哥伦比亚,3.065724645374026
2004,哥伦比亚,3.095577608523707
2003,哥伦比亚,3.1245651453969594
2002,哥伦比亚,3.1535903581695712
2001,哥伦比亚,3.1838702156693857
2019,科摩罗,4.141387168555412
2018,科摩罗,4.1751562049585145
2017,科摩罗,4.20960590255719
2016,科摩罗,4.241326752570746
2015,科摩罗,4.274998061915358
2014,科摩罗,4.308245532169378
2013,科摩罗,4.340944189572651
2012,科摩罗,4.371218435957278
2011,科摩罗,4.401216329067023
2010,科摩罗,4.43604122298012
2009,科摩罗,4.464527856185625
2008,科摩罗,4.493568009406789
2007,科摩罗,4.519830138821076
2006,科摩罗,4.545844719903276
2005,科摩罗,4.567572155572773
2004,科摩罗,4.584763376210429
2003,科摩罗,4.595220855134423
2002,科摩罗,4.6006600305102054
2001,科摩罗,4.603669059861824
2019,刚果,3.867234822638012
2018,刚果,3.8983296782961436
2017,刚果,3.929862923556477
2016,刚果,3.961955374176355
2015,刚果,3.9919426286040194
2014,刚果,4.024279687773814
2013,刚果,4.050392674692918
2012,刚果,4.073971772414164
2011,刚果,4.098834467494953
2010,刚果,4.130033404630607
2009,刚果,4.173309766520395
2008,刚果,4.229021132213981
2007,刚果,4.296877159632186
2006,刚果,4.37260741275739
2005,刚果,4.453067407778134
2004,刚果,4.531954123656832
2003,刚果,4.604169685654508
2002,刚果,4.663439094112067
2001,刚果,4.7086288943563215
2019,哥斯达黎加,2.1540850846756014
2018,哥斯达黎加,2.1610215286722587
2017,哥斯达黎加,2.1701959049483
2016,哥斯达黎加,2.1838015570040787
2015,哥斯达黎加,2.201659174404085
2014,哥斯达黎加,2.2267833795777636
2013,哥斯达黎加,2.25758772706331
2012,哥斯达黎加,2.28949985344539
2011,哥斯达黎加,2.3223877202902252
2010,哥斯达黎加,2.3513752571634776
2009,哥斯达黎加,2.3739750890807185
2008,哥斯达黎加,2.391511302188447
2007,哥斯达黎加,2.4042387467205457
2006,哥斯达黎加,2.4150205223238337
2005,哥斯达黎加,2.427454075039915
2004,哥斯达黎加,2.444084655267745
2003,哥斯达黎加,2.4664031782234406
2002,哥斯达黎加,2.495681722955959
2001,哥斯达黎加,2.5305171610400525
2019,克罗地亚,1.5644405465033646
2018,克罗地亚,1.5748464676644813
2017,克罗地亚,1.5810384379124025
2016,克罗地亚,1.5871923034867805
2015,克罗地亚,1.5953389880545987
2014,克罗地亚,1.6074359097634274
2013,克罗地亚,1.6213664832993742
2012,克罗地亚,1.6409365794934714
2011,克罗地亚,1.665818245870208
2010,克罗地亚,1.6974487897568136
2009,克罗地亚,1.7334238922150915
2008,克罗地亚,1.7732559976634952
2007,克罗地亚,1.8164520818184267
2006,克罗地亚,1.8594181177018698
2005,克罗地亚,1.9065751436566365
2004,克罗地亚,1.951608170169951
2003,克罗地亚,1.9960599327407849
2002,克罗地亚,2.0399207835175526
2001,克罗地亚,2.080690761080268
2019,古巴,1.6331544390514163
2018,古巴,1.6544112780768316
2017,古巴,1.6770965609079151
2016,古巴,1.6974487897568136
2015,古巴,1.7191887763932197
2014,古巴,1.742219023667919
2013,古巴,1.7647307968401356
2012,古巴,1.7884205679625405
2011,古巴,1.81319474994812
2010,古巴,1.840549633397487
2009,古巴,1.8687205103641833
2008,古巴,1.8976198599275322
2007,古巴,1.9286186519452522
2006,古巴,1.9600947840472698
2005,古巴,1.9919755158985601
2004,古巴,2.0255131996542803
2003,古巴,2.060513531794317
2002,古巴,2.096790180014449
2001,古巴,2.134166441369082
2019,塞浦路斯,0.8329091229351039
2018,塞浦路斯,0.8754687373538999
2017,塞浦路斯,0.9162907318741551
2016,塞浦路斯,0.9631743177730056
2015,塞浦路斯,1.0116009116784799
2014,塞浦路斯,1.0577902941478545
2013,塞浦路斯,1.1052568313867783
2012,塞浦路斯,1.1537315878891892
2011,塞浦路斯,1.208960345836975
2010,塞浦路斯,1.2669476034873244
2009,塞浦路斯,1.3270750014599193
2008,塞浦路斯,1.3887912413184778
2007,塞浦路斯,1.4539530095937054
2006,塞浦路斯,1.5216989981260935
2005,塞浦路斯,1.5851452198650557
2004,塞浦路斯,1.6486586255873816
2003,塞浦路斯,1.7083778602890038
2002,塞浦路斯,1.766441661243765
2001,塞浦路斯,1.824549292051046
2019,丹麦,1.3270750014599193
2018,丹麦,1.358409157630355
2017,丹麦,1.3837912309017721
2016,丹麦,1.3987168811184478
2015,丹麦,1.4085449700547104
2014,丹麦,1.4085449700547104
2013,丹麦,1.4060969884160703
2012,丹麦,1.4011829736136412
2011,丹麦,1.4011829736136412
2010,丹麦,1.4134230285081433
2009,丹麦,1.43746264769429
2008,丹麦,1.472472057360943
2007,丹麦,1.5151272329628591
2006,丹麦,1.5602476682433286
2005,丹麦,1.6034198401085373
2004,丹麦,1.6448050562713916
2003,丹麦,1.6789639750827108
2002,丹麦,1.7047480922384253
2001,丹麦,1.724550719534605
2019,吉布提,4.0516110196351995
2018,吉布提,4.083115080270552
2017,吉布提,4.11561669749764
2016,吉布提,4.1470951276076295
2015,吉布提,4.179298268102264
2014,吉布提,4.212720014957422
2013,吉布提,4.243339114899988
2012,吉布提,4.273884476054178
2011,吉布提,4.3056854014171595
2010,吉布提,4.336636932375072
2009,吉布提,4.366912996863833
2008,吉布提,4.397161522258152
2007,吉布提,4.426880490307507
2006,吉布提,4.456554161659308
2005,吉布提,4.485598050847247
2004,吉布提,4.514041252576989
2003,吉布提,4.541271460137859
2002,吉布提,4.5682987112121864
2001,吉布提,4.593401202388092
2019,多米尼加,3.545874759696932
2018,多米尼加,3.5272424885128144
2017,多米尼加,3.5010427166318716
2016,多米尼加,3.4685444551217657
2015,多米尼加,3.4301087251565754
2014,多米尼加,3.3874364664121184
2013,多米尼加,3.34109345759245
2012,多米尼加,3.2932409068235073
2011,多米尼加,3.2449333591874905
2010,多米尼加,3.1970391302590264
2009,多米尼加,3.1497400860333387
2008,多米尼加,3.104586678466073
2007,多米尼加,3.0610517396746335
2006,多米尼加,3.0199369622508083
2005,多米尼加,2.9811261211646287
2004,多米尼加,2.9454910571172443
2003,多米尼加,2.91180703861623
2002,多米尼加,2.8814431271518632
2001,多米尼加,2.854744580253014
2019,厄瓜多尔,2.63834278867739
2018,厄瓜多尔,2.65745841498615
2017,厄瓜多尔,2.6741486494265287
2016,厄瓜多尔,2.6919208191723265
2015,厄瓜多尔,2.714694743820879
2014,厄瓜多尔,2.7427736371605955
2013,厄瓜多尔,2.77757626375082
2012,厄瓜多尔,2.8172035149987327
2011,厄瓜多尔,2.859912550411456
2010,厄瓜多尔,2.9052603703899154
2009,厄瓜多尔,2.9507349076232554
2008,厄瓜多尔,2.996232148595642
2007,厄瓜多尔,3.0402275134405423
2006,厄瓜多尔,3.0823685802135374
2005,厄瓜多尔,3.12412548832239
2004,厄瓜多尔,3.1663185741295248
2003,厄瓜多尔,3.2088254890146994
2002,厄瓜多尔,3.255786178888298
2001,厄瓜多尔,3.3072529354856135
2019,埃及,3.0096351787229825
2018,埃及,3.0459499897146083
2017,埃及,3.0791538816930633
2016,埃及,3.1166215908294443
2015,埃及,3.152736022363656
2014,埃及,3.1908877883280318
2013,埃及,3.2300135692786567
2012,埃及,3.2726061472891685
2011,埃及,3.3160025355989236
2010,埃及,3.3600281046240843
2009,埃及,3.4028626609812167
2008,埃及,3.4461707473048864
2007,埃及,3.490428515390098
2006,埃及,3.5339784928959737
2005,埃及,3.5782271840103412
2004,埃及,3.624607564093796
2003,埃及,3.6740195912069122
2002,埃及,3.7268975213014572
2001,埃及,3.7828250669564643
2019,萨尔瓦多,2.587011872725154
2018,萨尔瓦多,2.6188546222977394
2017,萨尔瓦多,2.655352412101761
2016,萨尔瓦多,2.6905648867611904
2015,萨尔瓦多,2.72785282839839
2014,萨尔瓦多,2.768831673362069
2013,萨尔瓦多,2.8130106367386967
2012,萨尔瓦多,2.8570447537800976
2011,萨尔瓦多,2.9041650800285006
2010,萨尔瓦多,2.9533465570575532
2009,萨尔瓦多,3.0041963519661206
2008,萨尔瓦多,3.054001181677967
2007,萨尔瓦多,3.1059310658520665
2006,萨尔瓦多,3.1587011018321305
2005,萨尔瓦多,3.211649779776461
2004,萨尔瓦多,3.2665224783355535
2003,萨尔瓦多,3.3214324131932926
2002,萨尔瓦多,3.3769046890931107
2001,萨尔瓦多,3.4330189939851112
2019,厄立特里亚,3.7010550300440697
2018,厄立特里亚,3.734569580031052
2017,厄立特里亚,3.767690634538226
2016,厄立特里亚,3.8022081394209395
2015,厄立特里亚,3.8353579204926604
2014,厄立特里亚,3.8684890034044175
2013,厄立特里亚,3.902578546600146
2012,厄立特里亚,3.938080539747436
2011,厄立特里亚,3.9738704087542263
2010,厄立特里亚,4.0116873285410914
2009,厄立特里亚,4.04795152265239
2008,厄立特里亚,4.086480387165299
2007,厄立特里亚,4.127940511650616
2006,厄立特里亚,4.170070272750237
2005,厄立特里亚,4.213312081286144
2004,厄立特里亚,4.25731339050024
2003,厄立特里亚,4.302306791540646
2002,厄立特里亚,4.348857573282368
2001,厄立特里亚,4.396915247167632
2019,爱沙尼亚,0.8754687373538999
2018,爱沙尼亚,0.9400072584914712
2017,爱沙尼亚,1.007957920399979
2016,爱沙尼亚,1.0784095813505903
2015,爱沙尼亚,1.1474024528375417
2014,爱沙尼亚,1.2178757094949273
2013,爱沙尼亚,1.2892326482767593
2012,爱沙尼亚,1.3609765531356006
2011,爱沙尼亚,1.4398351280479205
2010,爱沙尼亚,1.5216989981260935
2009,爱沙尼亚,1.6054298910365616
2008,爱沙尼亚,1.6937790608678513
2007,爱沙尼亚,1.7817091333745536
2006,爱沙尼亚,1.8702625307159986
2005,爱沙尼亚,1.9600947840472698
2004,爱沙尼亚,2.0476928433652555
2003,爱沙尼亚,2.136530508663963
2002,爱沙尼亚,2.2235418856535927
2001,爱沙尼亚,2.309560706730471
2019,埃塞俄比亚,3.9267145541711357
2018,埃塞俄比亚,3.9725535051681784
2017,埃塞俄比亚,4.022490458454117
2016,埃塞俄比亚,4.07567129695648
2015,埃塞俄比亚,4.130837198581126
2014,埃塞俄比亚,4.186011750747925
2013,埃塞俄比亚,4.241038941372905
2012,埃塞俄比亚,4.2961963780686885
2011,埃塞俄比亚,4.35208275830081
2010,埃塞俄比亚,4.406475315076191
2009,埃塞俄比亚,4.461992416311763
2008,埃塞俄比亚,4.51830425296643
2007,埃塞俄比亚,4.57532934397707
2006,埃塞俄比亚,4.632785353021065
2005,埃塞俄比亚,4.689511334421843
2004,埃塞俄比亚,4.746669748261791
2003,埃塞俄比亚,4.800736969532067
2002,埃塞俄比亚,4.852030263919617
2001,埃塞俄比亚,4.900076103529192
2019,斐济,3.2461018111217923
2018,斐济,3.241028629509334
2017,斐济,3.226447090364519
2016,斐济,3.208421366964342
2015,斐济,3.1908877883280318
2014,斐济,3.175968323856924
2013,斐济,3.165896900077314
2012,斐济,3.1612467120315646
2011,斐济,3.1608228934195837
2010,斐济,3.1642084235258925
2009,斐济,3.1675825304806504
2008,斐济,3.166740070447672
2007,斐济,3.160398895109225
2006,斐济,3.1493113614822916
2005,斐济,3.1346242724206097
2004,斐济,3.119718253334982
2003,斐济,3.109953417644014
2002,斐济,3.1072736482868986
2001,斐济,3.111735949310297
2019,芬兰,0.8671004876833833
2018,芬兰,0.8754687373538999
2017,芬兰,0.883767540168595
2016,芬兰,0.8919980393051105
2015,芬兰,0.9122827104766164
2014,芬兰,0.9400072584914712
2013,芬兰,0.9707789171582248
2012,芬兰,1.0116009116784799
2011,芬兰,1.0543120297715298
2010,芬兰,1.1019400787607843
2009,芬兰,1.1505720275988207
2008,芬兰,1.1969481893889715
2007,芬兰,1.244154593958768
2006,芬兰,1.2864740258376797
2005,芬兰,1.3217558399823195
2004,芬兰,1.3532545070416904
2003,芬兰,1.3787660946990992
2002,芬兰,1.4011829736136412
2001,芬兰,1.4279160358107101
2019,法国,1.4951487660319727
2018,法国,1.472472057360943
2017,法国,1.449269160281279
2016,法国,1.4279160358107101
2015,法国,1.415853163361435
2014,法国,1.415853163361435
2013,法国,1.423108334242607
2012,法国,1.4350845252893227
2011,法国,1.4445632692438664
2010,法国,1.451613827240533
2009,法国,1.4609379041156563
2008,法国,1.4678743481123135
2007,法国,1.47932922708708
2006,法国,1.4973884086254774
2005,法国,1.5216989981260935
2004,法国,1.5518087995974639
2003,法国,1.589235205116581
2002,法国,1.6253112615903906
2001,法国,1.6563214983329508
2019,加蓬,3.74856245627511
2018,加蓬,3.77413929806476
2017,加蓬,3.8091039514203047
2016,加蓬,3.849721979230767
2015,加蓬,3.908617212293313
2014,加蓬,3.9564225927248304
2013,加蓬,3.9994842811981406
2012,加蓬,4.040416220196545
2011,加蓬,4.081765780015241
2010,加蓬,4.120012308970678
2009,加蓬,4.163248540869312
2008,加蓬,4.2033484327947255
2007,加蓬,4.242764567340374
2006,加蓬,4.279301532151069
2005,加蓬,4.308110951723713
2004,加蓬,4.33768282082183
2003,加蓬,4.364753306003425
2002,加蓬,4.388753955423308
2001,加蓬,4.410735561310335
2019,冈比亚,3.945844553903657
2018,冈比亚,3.9824814690767076
2017,冈比亚,4.020159664032724
2016,冈比亚,4.057507672170127
2015,冈比亚,4.095011006765261
2014,冈比亚,4.132121926556131
2013,冈比亚,4.170842533194826
2012,冈比亚,4.20960590255719
2011,冈比亚,4.249209272783016
2010,冈比亚,4.289637185380534
2009,冈比亚,4.330733340286331
2008,冈比亚,4.371850028222321
2007,冈比亚,4.414856779264584
2006,冈比亚,4.458756167532555
2005,冈比亚,4.502805179310063
2004,冈比亚,4.547329186298241
2003,冈比亚,4.592287560157078
2002,冈比亚,4.636668853047462
2001,冈比亚,4.680277658474897
2019,格鲁吉亚,2.259677591982769
2018,格鲁吉亚,2.2823823856765264
2017,格鲁吉亚,2.303584593327129
2016,格鲁吉亚,2.325324579963535
2015,格鲁吉亚,2.3532782073095637
2014,格鲁吉亚,2.3896797998449792
2013,格鲁吉亚,2.4362414778067194
2012,格鲁吉亚,2.495681722955959
2011,格鲁吉亚,2.567254391136754
2010,格鲁吉亚,2.6511270537025893
2009,格鲁吉亚,2.744060638625243
2008,格鲁吉亚,2.8437459165561094
2007,格鲁吉亚,2.949164637737656
2006,格鲁吉亚,3.055415275715165
2005,格鲁吉亚,3.1616703510974213
2004,格鲁吉亚,3.264231526588998
2003,格鲁吉亚,3.360722549096437
2002,格鲁吉亚,3.449987545831587
2001,格鲁吉亚,3.5298837226234783
2019,德国,1.3376291891386096
2018,德国,1.3480731482996928
2017,德国,1.355835153635182
2016,德国,1.3635373739972745
2015,德国,1.3686394258811698
2014,德国,1.3737155789130306
2013,德国,1.3812818192963463
2012,德国,1.3937663759585917
2011,德国,1.4085449700547104
2010,德国,1.4279160358107101
2009,德国,1.451613827240533
2008,德国,1.4747630091074988
2007,德国,1.501852701754163
2006,德国,1.5282278570085572
2005,德国,1.5539252025038417
2004,德国,1.5789787049493917
2003,德国,1.6034198401085373
2002,德国,1.6272778305624314
2001,德国,1.6524974018945473
2019,加纳,3.832113622199844
2018,加纳,3.8709926558701544
2017,加纳,3.912622825500114
2016,加纳,3.955657042448207
2015,加纳,3.9993010135352067
2014,加纳,4.045329372736371
2013,加纳,4.090838422892813
2012,加纳,4.139317927864832
2011,加纳,4.188138441508461
2010,加纳,4.2358441244958005
2009,加纳,4.28096243218686
2008,加纳,4.321347323862031
2007,加纳,4.356708826689592
2006,加纳,4.388008706351429
2005,加纳,4.4173937785111725
2004,加纳,4.4474631899580555
2003,加纳,4.480173695813406
2002,加纳,4.517103707119641
2001,加纳,4.557764063590821
2019,希腊,1.3217558399823195
2018,希腊,1.3887912413184778
2017,希腊,1.4469189829363254
2016,希腊,1.47932922708708
2015,希腊,1.4816045409242156
2014,希腊,1.463255402256019
2013,希腊,1.425515074273172
2012,希腊,1.3912819026309295
2011,希腊,1.3686394258811698
2010,希腊,1.3635373739972745
2009,希腊,1.3686394258811698
2008,希腊,1.3837912309017721
2007,希腊,1.4134230285081433
2006,希腊,1.4586150226995167
2005,希腊,1.5195132049061133
2004,希腊,1.5830939370944985
2003,希腊,1.6505798557652755
2002,希腊,1.7173950539391927
2001,希腊,1.7884205679625405
2019,格林纳达,2.805176911832933
2018,格林纳达,2.810606789427302
2017,格林纳达,2.8081971497071487
2016,格林纳达,2.7985001040242823
2015,格林纳达,2.785628335747585
2014,格林纳达,2.771963526845863
2013,格林纳达,2.7568403652716422
2012,格林纳达,2.7421295147550726
2011,格林纳达,2.7265447837383743
2010,格林纳达,2.7120422223717475
2009,格林纳达,2.700018029404946
2008,格林纳达,2.6905648867611904
2007,格林纳达,2.6844403354630764
2006,格林纳达,2.681706225762608
2005,格林纳达,2.6837575085331657
2004,格林纳达,2.6892071133007303
2003,格林纳达,2.6979998652487085
2002,格林纳达,2.7107133185216936
2001,格林纳达,2.7245795030534206
2019,危地马拉,3.1994891110680106
2018,危地马拉,3.233173129569025
2017,危地马拉,3.267284964075888
2016,危地马拉,3.3043193066856684
2015,危地马拉,3.342154841028372
2014,危地马拉,3.380994674344636
2013,危地马拉,3.4210000089583352
2012,危地马拉,3.462919440290152
2011,危地马拉,3.5043554737647815
2010,危地马拉,3.54558628428746
2009,危地马拉,3.5879535355239756
2008,危地马拉,3.629129449708162
2007,危地马拉,3.670206188848315
2006,危地马拉,3.7108855343765508
2005,危地马拉,3.750444809772091
2004,危地马拉,3.7903072467440495
2003,危地马拉,3.829510583853682
2002,危地马拉,3.8691155044168695
2001,危地马拉,3.9092190780954117
2019,几内亚,4.593097604753822
2018,几内亚,4.616110126026426
2017,几内亚,4.636668853047462
2016,几内亚,4.65586330030361
2015,几内亚,4.681204872264089
2014,几内亚,4.69866052907543
2013,几内亚,4.711330381816482
2012,几内亚,4.730921391293652
2011,几内亚,4.751000634199631
2010,几内亚,4.771531723203316
2009,几内亚,4.793308128103486
2008,几内亚,4.817050545023591
2007,几内亚,4.844187086458591
2006,几内亚,4.873669439023098
2005,几内亚,4.90527477843843
2004,几内亚,4.94021282979971
2003,几内亚,4.978112102390695
2002,几内亚,5.018603463745433
2001,几内亚,5.059425458265688
2019,几内亚比绍,4.362716386139382
2018,几内亚比绍,4.3992524153389505
2017,几内亚比绍,4.433432422733782
2016,几内亚比绍,4.468892167695464
2015,几内亚比绍,4.507336825639328
2014,几内亚比绍,4.544676805559129
2013,几内亚比绍,4.58670066970443
2012,几内亚比绍,4.631812116934513
2011,几内亚比绍,4.678420647727684
2010,几内亚比绍,4.728272383122075
2009,几内亚比绍,4.77912349311153
2008,几内亚比绍,4.8283137373023015
2007,几内亚比绍,4.875960390769654
2006,几内亚比绍,4.922168312773925
2005,几内亚比绍,4.966335035199676
2004,几内亚比绍,5.008633291425583
2003,几内亚比绍,5.049214776063731
2002,几内亚比绍,5.0869788606835895
2001,几内亚比绍,5.120983351265121
2019,圭亚那,3.3758795736778655
2018,圭亚那,3.40982670836021
2017,圭亚那,3.441058915087286
2016,圭亚那,3.4707234443107655
2015,圭亚那,3.4995332823830174
2014,圭亚那,3.5284172316728752
2013,圭亚那,3.5544905510752844
2012,圭亚那,3.575710756008298
2011,圭亚那,3.597860055726768
2010,圭亚那,3.6187251941907292
2009,圭亚那,3.6381123370602833
2008,圭亚那,3.6584202466292277
2007,圭亚那,3.6790816116338254
2006,圭亚那,3.6998193941522706
2005,圭亚那,3.720620339897999
2004,圭亚那,3.7419461750506287
2003,圭亚那,3.7639869266007415
2002,圭亚那,3.7873664008285903
2001,圭亚那,3.811539466849824
2019,海地,4.139955073474153
2018,海地,4.168988105217867
2017,海地,4.198404232146879
2016,海地,4.226541731833486
2015,海地,4.25575454373095
2014,海地,4.280824129164719
2013,海地,4.305550475963267
2012,海地,4.3296801543016725
2011,海地,4.353498551059343
2010,海地,5.332718793265369
2009,海地,4.400112102220266
2008,海地,4.423168578005057
2007,海地,4.44640889360315
2006,海地,4.47026642352329
2005,海地,4.494350350882848
2004,海地,4.519612297626445
2003,海地,4.547011271814559
2002,海地,4.576564928977757
2001,海地,4.60816569496789
2019,洪都拉斯,2.821973947420524
2018,洪都拉斯,2.855895328366192
2017,洪都拉斯,2.8875901149342877
2016,洪都拉斯,2.9236990706541595
2015,洪都拉斯,2.958549482426275
2014,洪都拉斯,2.995232148512309
2013,洪都拉斯,3.031099417391282
2012,洪都拉斯,3.0689827352935835
2011,洪都拉斯,3.108167702883779
2010,洪都拉斯,3.15016862685841
2009,洪都拉斯,3.192942442841696
2008,洪都拉斯,3.2371085931292605
2007,洪都拉斯,3.2824138456721883
2006,洪都拉斯,3.327909585892323
2005,洪都拉斯,3.374168709274236
2004,洪都拉斯,3.4216533902295376
2003,洪都拉斯,3.4688560301359703
2002,洪都拉斯,3.51631018876266
2001,洪都拉斯,3.564449375735759
2019,匈牙利,1.3001916620664788
2018,匈牙利,1.3837912309017721
2017,匈牙利,1.472472057360943
2016,匈牙利,1.55814461804655
2015,匈牙利,1.6331544390514163
2014,匈牙利,1.6900958154515549
2013,匈牙利,1.7263316639055997
2012,匈牙利,1.749199854809259
2011,匈牙利,1.7681496035889213
2010,匈牙利,1.7900914121273581
2009,匈牙利,1.8261608959453874
2008,匈牙利,1.873339456220478
2007,匈牙利,1.925707441737794
2006,匈牙利,1.9740810260220096
2005,匈牙利,2.020222182019865
2004,匈牙利,2.0719132752590443
2003,匈牙利,2.128231705849268
2002,匈牙利,2.191653532286764
2001,匈牙利,2.255493485460195
2019,冰岛,0.6780335427498971
2018,冰岛,0.7080357930536959
2017,冰岛,0.7419373447293773
2016,冰岛,0.7747271675523681
2015,冰岛,0.8020015854720274
2014,冰岛,0.8372475245337022
2013,冰岛,0.8671004876833833
2012,冰岛,0.8960880245566357
2011,冰岛,0.9321640810304452
2010,冰岛,0.9631743177730056
2009,冰岛,0.9969486348916096
2008,冰岛,1.0331844833456545
2007,冰岛,1.0715836162801904
2006,冰岛,1.1118575154181303
2005,冰岛,1.1537315878891892
2004,冰岛,1.1969481893889715
2003,冰岛,1.244154593958768
2002,冰岛,1.2919836816486494
2001,冰岛,1.3402504226184837
2019,印度,3.5342703358865175
2018,印度,3.591542221224979
2017,印度,3.651177586929925
2016,印度,3.7123518102990785
2015,印度,3.773220602547687
2014,印度,3.8334126048462345
2013,印度,3.893247850101812
2012,印度,3.9516282600205055
2011,印度,4.008968211484625
2010,印度,4.064400685849028
2009,印度,4.118223836012044
2008,印度,4.169606630055894
2007,印度,4.218772140597153
2006,印度,4.26549281841793
2005,印度,4.310396359722554
2004,印度,4.353755752706852
2003,印度,4.396299293960601
2002,印度,4.438052462936409
2001,印度,4.479153345404605
2019,印度尼西亚,3.1730412885244013
2018,印度尼西亚,3.2092294478163956
2017,印度尼西亚,3.246490991901174
2016,印度尼西亚,3.285412348668445
2015,印度尼西亚,3.323956301318708
2014,印度尼西亚,3.364187556028255
2013,印度尼西亚,3.403860499081639
2012,印度尼西亚,3.443937535338314
2011,印度尼西亚,3.4830845411343394
2010,印度尼西亚,3.52311998561896
2009,印度尼西亚,3.563882963939251
2008,印度尼西亚,3.6046822953131805
2007,印度尼西亚,3.6459719531026598
2006,印度尼西亚,3.687878953780353
2005,印度尼西亚,3.730501128804756
2004,印度尼西亚,3.9035875266070446
2003,印度尼西亚,3.8181517898180757
2002,印度尼西亚,3.863462814812769
2001,印度尼西亚,3.9092190780954117
2019,伊拉克,3.2534704696327
2018,伊拉克,3.286908235260028
2017,伊拉克,3.319987326236612
2016,伊拉克,3.3520071374713836
2015,伊拉克,3.385067999732272
2014,伊拉克,3.4173987610001633
2013,伊拉克,3.4496700351129332
2012,伊拉克,3.48216274048526
2011,伊拉克,3.5139306516493947
2010,伊拉克,3.5447203584143305
2009,伊拉克,3.5751506887855933
2008,伊拉克,3.6044102974874863
2007,伊拉克,3.6320445173613978
2006,伊拉克,3.65687265797885
2005,伊拉克,3.6798387094617873
2004,伊拉克,3.7020424406402173
2003,伊拉克,3.72255598047332
2002,伊拉克,3.743130868945852
2001,伊拉克,3.7630588522881876
2019,爱尔兰,1.1878434223960523
2018,爱尔兰,1.220829921392359
2017,爱尔兰,1.252762968495368
2016,爱尔兰,1.2837077723447896
2015,爱尔兰,1.3110318766193438
2014,爱尔兰,1.3376291891386096
2013,爱尔兰,1.358409157630355
2012,爱尔兰,1.3812818192963463
2011,爱尔兰,1.4036429994545037
2010,爱尔兰,1.4279160358107101
2009,爱尔兰,1.4562867329399256
2008,爱尔兰,1.4883995840570443
2007,爱尔兰,1.5282278570085572
2006,爱尔兰,1.5810384379124025
2005,爱尔兰,1.6448050562713916
2004,爱尔兰,1.7209792871670078
2003,爱尔兰,1.7984040119467235
2002,爱尔兰,1.8702625307159986
2001,爱尔兰,1.9286186519452522
2019,以色列,1.3001916620664788
2018,以色列,1.3164082336557241
2017,以色列,1.332366019094335
2016,以色列,1.3480731482996928
2015,以色列,1.366091653802371
2014,以色列,1.3887912413184778
2013,以色列,1.415853163361435
2012,以色列,1.4469189829363254
2011,以色列,1.4816045409242156
2010,以色列,1.5151272329628591
2009,以色列,1.5518087995974639
2008,以色列,1.589235205116581
2007,以色列,1.62924053973028
2006,以色列,1.6714733033535532
2005,以色列,1.7191887763932197
2004,以色列,1.766441661243765
2003,以色列,1.8115620965242347
2002,以色列,1.8547342683894434
2001,以色列,1.8931119634883424
2019,意大利,1.144222799920162
2018,意大利,1.169381359556317
2017,意大利,1.1939224684724346
2016,意大利,1.2178757094949273
2015,意大利,1.2412685890696329
2014,意大利,1.269760544863939
2013,意大利,1.297463147413275
2012,意大利,1.3270750014599193
2011,意大利,1.3532545070416904
2010,意大利,1.3762440252663892
2009,意大利,1.4011829736136412
2008,意大利,1.423108334242607
2007,意大利,1.4445632692438664
2006,意大利,1.4678743481123135
2005,意大利,1.4973884086254774
2004,意大利,1.534714366238164
2003,意大利,1.5748464676644813
2002,意大利,1.6193882432872684
2001,意大利,1.667706820558076
2019,牙买加,2.6282852326333477
2018,牙买加,2.659559991941776
2017,牙买加,2.689886230474539
2016,牙买加,2.719978771967484
2015,牙买加,2.7485521444115397
2014,牙买加,2.7819200496686656
2013,牙买加,2.8130106367386967
2012,牙买加,2.8425810940598164
2011,牙买加,2.8707357833793057
2010,牙买加,2.8970163006148333
2009,牙买加,2.920469789053444
2008,牙买加,2.9428587839469227
2007,牙买加,2.9601050959108397
2006,牙买加,2.9739977814079848
2005,牙买加,2.987700101856727
2004,牙买加,3.0017143452315387
2003,牙买加,3.019448800171307
2002,牙买加,3.039749158970765
2001,牙买加,3.064325065019603
2019,日本,0.9001613499442714
2018,日本,0.9282193027394288
2017,日本,0.9555114450274363
2016,日本,0.9820784724121582
2015,日本,1.0116009116784799
2014,日本,1.0402767116551463
2013,日本,1.0715836162801904
2012,日本,1.1019400787607843
2011,日本,1.1662709371419244
2010,日本,1.1631508098056809
2009,日本,1.1939224684724346
2008,日本,1.2267122912954254
2007,日本,1.2584609896100056
2006,日本,1.2892326482767593
2005,日本,1.3190856114264407
2004,日本,1.3506671834767394
2003,日本,1.3837912309017721
2002,日本,1.4182774069729414
2001,日本,1.4586150226995167
2019,约旦,2.7466296830696852
2018,约旦,2.776954179749421
2017,约旦,2.8075938314384716
2016,约旦,2.8384934971274993
2015,约旦,2.8684669225081145
2014,约旦,2.896464271895322
2013,约旦,2.924236271848921
2012,约旦,2.9517803860248084
2011,约旦,2.9796028916241073
2010,约旦,3.007166651179654
2009,约旦,3.0349529867072724
2008,约旦,3.0633909220278057
2007,约旦,3.091951131294534
2006,约旦,3.1210424645194377
2005,约旦,3.1497400860333387
2004,约旦,3.1788868166518376
2003,约旦,3.2072080200005186
2002,约旦,3.2355362657613083
2001,约旦,3.2634667081960758
2019,哈萨克斯坦,2.34660197841082
2018,哈萨克斯坦,2.3350522831315472
2017,哈萨克斯坦,2.3504224224082058
2016,哈萨克斯坦,2.395164274287139
2015,哈萨克斯坦,2.469793011977952
2014,哈萨克斯坦,2.567254391136754
2013,哈萨克斯坦,2.6789646202071133
2012,哈萨克斯坦,2.7942278973432626
2011,哈萨克斯坦,2.907447358686419
2010,哈萨克斯坦,3.015044584586364
2009,哈萨克斯坦,3.113959654918641
2008,哈萨克斯坦,3.204776900488699
2007,哈萨克斯坦,3.2887749522478678
2006,哈萨克斯坦,3.365224721203338
2005,哈萨克斯坦,3.4346321577483927
2004,哈萨克斯坦,3.498021566297695
2003,哈萨克斯坦,3.558770768766916
2002,哈萨克斯坦,3.6192613872330663
2001,哈萨克斯坦,3.68034312309165
2019,肯尼亚,3.764914140389934
2018,肯尼亚,3.7981821890043865
2017,肯尼亚,3.837730400846291
2016,肯尼亚,3.8666071418976635
2015,肯尼亚,3.9037892005010426
2014,肯尼亚,3.936910720935925
2013,肯尼亚,3.9663217788355247
2012,肯尼亚,3.9994842811981406
2011,肯尼亚,4.025887261577193
2010,肯尼亚,4.058544658090914
2009,肯尼亚,4.098668533702155
2008,肯尼亚,4.157162854614252
2007,肯尼亚,4.224056168743758
2006,肯尼亚,4.280270725719494
2005,肯尼亚,4.3374214512437606
2004,肯尼亚,4.395806258082254
2003,肯尼亚,4.448282430450947
2002,肯尼亚,4.498364181670282
2001,肯尼亚,4.545844719903276
2019,基里巴斯,3.9294699190318667
2018,基里巴斯,3.96176509732296
2017,基里巴斯,3.991019011654644
2016,基里巴斯,4.0210567664522685
2015,基里巴斯,4.050044303325521
2014,基里巴斯,4.07567129695648
2013,基里巴斯,4.102312731871278
2012,基里巴斯,4.124873767256924
2011,基里巴斯,4.1470951276076295
2010,基里巴斯,4.1661999993225285
2009,基里巴斯,4.180828022110238
2008,基里巴斯,4.1893516658004355
2007,基里巴斯,4.190714786041794
2006,基里巴斯,4.188441885601216
2005,基里巴斯,4.187075661479786
2004,基里巴斯,4.188896879163323
2003,基里巴斯,4.196299284745094
2002,基里巴斯,4.212423850287702
2001,基里巴斯,4.235265253278478
2019,科威特,2.0681277817795625
2018,科威特,2.0930978681273213
2017,科威特,2.1162555148025524
2016,科威特,2.138889000323256
2015,科威特,2.1644717908644115
2014,科威特,2.192770226986839
2013,科威特,2.225704048658088
2012,科威特,2.2648832258100344
2011,科威特,2.3045830956567186
2010,科威特,2.3398808777377424
2009,科威特,2.3693087250369538
2008,科威特,2.391511302188447
2007,科威特,2.4069451083182885
2006,科威特,2.419478844465545
2005,科威特,2.4336133554004498
2004,科威特,2.449279472144849
2003,科威特,2.464703942470481
2002,科威特,2.4790562361098245
2001,科威特,2.4948569806411682
2019,吉尔吉斯坦,2.907447358686419
2018,吉尔吉斯坦,2.9528247725427144
2017,吉尔吉斯坦,3.0027078872904163
2016,吉尔吉斯坦,3.0544727685765913
2015,吉尔吉斯坦,3.1059310658520665
2014,吉尔吉斯坦,3.1561489949598958
2013,吉尔吉斯坦,3.2072080200005186
2012,吉尔吉斯坦,3.261935314328648
2011,吉尔吉斯坦,3.3210713371828704
2010,吉尔吉斯坦,3.3857452771032337
2009,吉尔吉斯坦,3.4544221428994533
2008,吉尔吉斯坦,3.5201649007261984
2007,吉尔吉斯坦,3.5773890780805733
2006,吉尔吉斯坦,3.6256733782101436
2005,吉尔吉斯坦,3.6704608685899185
2004,吉尔吉斯坦,3.716008121502189
2003,吉尔吉斯坦,3.7628266990660193
2002,吉尔吉斯坦,3.80954721383891
2001,吉尔吉斯坦,3.8577779905757503
2019,拉脱维亚,1.2837077723447896
2018,拉脱维亚,1.3506671834767394
2017,拉脱维亚,1.425515074273172
2016,拉脱维亚,1.5107219394949427
2015,拉脱维亚,1.6034198401085373
2014,拉脱维亚,1.6992786164338898
2013,拉脱维亚,1.7984040119467235
2012,拉脱维亚,1.8946168546677629
2011,拉脱维亚,1.9823798288367047
2010,拉脱维亚,2.05668455455722
2009,拉脱维亚,2.1210632163706555
2008,拉脱维亚,2.178155014615869
2007,拉脱维亚,2.231089091288976
2006,拉脱维亚,2.286455711064162
2005,拉脱维亚,2.349468678892896
2004,拉脱维亚,2.4150205223238337
2003,拉脱维亚,2.4756977107026903
2002,拉脱维亚,2.5305171610400525
2001,拉脱维亚,2.587011872725154
2019,黎巴嫩,1.9754689512968577
2018,黎巴嫩,2.0082140323914683
2017,黎巴嫩,2.0399207835175526
2016,黎巴嫩,2.075684492802124
2015,黎巴嫩,2.1138429683971682
2014,黎巴嫩,2.157559320943788
2013,黎巴嫩,2.196112848483529
2012,黎巴嫩,2.2396452932201716
2011,黎巴嫩,2.2823823856765264
2010,黎巴嫩,2.327277705584417
2009,黎巴嫩,2.377692565480851
2008,黎巴嫩,2.4336133554004498
2007,黎巴嫩,2.498973906999436
2006,黎巴嫩,2.569554123848285
2005,黎巴嫩,2.645465325910589
2004,黎巴嫩,2.7212954278522306
2003,黎巴嫩,2.7917784166329223
2002,黎巴嫩,2.8610573702273894
2001,黎巴嫩,2.9236990706541595
2019,莱索托,4.45898767581001
2018,莱索托,4.461415282342953
2017,莱索托,4.485372622532496
2016,莱索托,4.506454213048934
2015,莱索托,4.543932876516902
2014,莱索托,4.545207844815408
2013,莱索托,4.55166391846495
2012,莱索托,4.560591142590124
2011,莱索托,4.565077092421647
2010,莱索托,4.5840486893659795
2009,莱索托,4.641502115235482
2008,莱索托,4.7059200890882344
2007,莱索托,4.71492104994721
2006,莱索托,4.735320870453137
2005,莱索托,4.730039168033961
2004,莱索托,4.724729421045731
2003,莱索托,4.716711560720999
2002,莱索托,4.7059200890882344
2001,莱索托,4.694096395182493
2019,利比里亚,4.438170645291922
2018,利比里亚,4.458756167532555
2017,利比里亚,4.476313563863087
2016,利比里亚,4.491777498633001
2015,利比里亚,4.510419849442281
2014,利比里亚,4.546905277856116
2013,利比里亚,4.541484634301958
2012,利比里亚,4.5612182984589085
2011,利比里亚,4.585069514281089
2010,利比里亚,4.613138355637268
2009,利比里亚,4.646312129319266
2008,利比里亚,4.687671407499835
2007,利比里亚,4.73707525686803
2006,利比里亚,4.794136285500715
2005,利比里亚,4.860587297852597
2004,利比里亚,4.933754249760298
2003,利比里亚,5.011301738639416
2002,利比里亚,5.089446474520545
2001,利比里亚,5.165357239291806
2019,利比亚,2.4458192610799534
2018,利比亚,2.479894107964456
2017,利比亚,2.5152741864043966
2016,利比亚,2.551006451492524
2015,利比亚,2.589266665112243
2014,利比亚,2.626840145676667
2013,利比亚,2.67000213346468
2012,利比亚,2.71336936257981
2011,利比亚,2.865053949911875
2010,利比亚,2.810606789427302
2009,利比亚,2.8673305587494666
2008,利比亚,2.932792473780117
2007,利比亚,3.004692014925463
2006,利比亚,3.0763901765714454
2005,利比亚,3.1402654242862895
2004,利比亚,3.1945831322991562
2003,利比亚,3.23907053215372
2002,利比亚,3.2748780149834857
2001,利比亚,3.305787196857497
2019,立陶宛,1.2947271675944
2018,立陶宛,1.3912819026309295
2017,立陶宛,1.4816045409242156
2016,立陶宛,1.556037135706985
2015,立陶宛,1.5973653311998313
2014,立陶宛,1.6034198401085373
2013,立陶宛,1.6094379124341003
2012,立陶宛,1.6448050562713916
2011,立陶宛,1.713797927758343
2010,立陶宛,1.801709800081223
2009,立陶宛,1.8991179875485542
2008,立陶宛,1.9947003132247452
2007,立陶宛,2.080690761080268
2006,立陶宛,2.152924318439639
2005,立陶宛,2.2027647577118348
2004,立陶宛,2.231089091288976
2003,立陶宛,2.254444717666111
2002,立陶宛,2.288486168614544
2001,立陶宛,2.331172549845958
2019,卢森堡,1.0116009116784799
2018,卢森堡,1.0296194171811581
2017,卢森堡,1.0473189942805592
2016,卢森堡,1.0577902941478545
2015,卢森堡,1.0647107369924282
2014,卢森堡,1.0647107369924282
2013,卢森堡,1.0681530811834012
2012,卢森堡,1.075002423028976
2011,卢森堡,1.085189268335969
2010,卢森堡,1.1019400787607843
2009,卢森堡,1.128171090909654
2008,卢森堡,1.1600209167967532
2007,卢森堡,1.1969481893889715
2006,卢森堡,1.2412685890696329
2005,卢森堡,1.2892326482767593
2004,卢森堡,1.3402504226184837
2003,卢森堡,1.3912819026309295
2002,卢森堡,1.4422019930581866
2001,卢森堡,1.4929040961781488
2019,马达加斯加,3.92395157629342
2018,马达加斯加,3.95718755738252
2017,马达加斯加,3.9913885608088866
2016,马达加斯加,4.0249944840873075
2015,马达加斯加,4.058199115585747
2014,马达加斯加,4.090336540824562
2013,马达加斯加,4.122121843221548
2012,马达加斯加,4.154969184038536
2011,马达加斯加,4.189957726425047
2010,马达加斯加,4.226103551734458
2009,马达加斯加,4.264368591205649
2008,马达加斯加,4.305145590337924
2007,马达加斯加,4.347176357238135
2006,马达加斯加,4.390986376045354
2005,马达加斯加,4.4356858779956285
2004,马达加斯加,4.481532545529913
2003,马达加斯加,4.527532916260939
2002,马达加斯加,4.574195381688661
2001,马达加斯加,4.6210435351443815
2019,马拉维,3.728821061206884
2018,马拉维,3.7816865037001426
2017,马拉维,3.8471644330796497
2016,马拉维,3.9130225057612296
2015,马拉维,3.984529696214894
2014,马拉维,4.060270581888349
2013,马拉维,4.1570063233468115
2012,马拉维,4.265352359115782
2011,马拉维,4.364244464878084
2010,马拉维,4.441709636835055
2009,马拉维,4.497696327682858
2008,马拉维,4.548282323781043
2007,马拉维,4.599453878991982
2006,马拉维,4.640537329825382
2005,马拉维,4.697749367281185
2004,马拉维,4.777441406928545
2003,马拉维,4.871373226762748
2002,马拉维,4.971894465779825
2001,马拉维,5.0689042022202315
2019,马来西亚,2.145931282948669
2018,马来西亚,2.131796772013764
2017,马来西亚,2.1138429683971682
2016,马来西亚,2.0980179272527715
2015,马来西亚,2.0856720914304723
2014,马来西亚,2.0781907597781832
2013,马来西亚,2.0744289998562917
2012,马来西亚,2.0744289998562917
2011,马来西亚,2.0794415416798357
2010,马来西亚,2.086913556518537
2009,马来西亚,2.0918640616783932
2008,马来西亚,2.0918640616783932
2007,马来西亚,2.0918640616783932
2006,马来西亚,2.0955609235597192
2005,马来西亚,2.105352923464337
2004,马来西亚,2.1198634561787513
2003,马来西亚,2.1447610078004784
2002,马来西亚,2.1849270495258133
2001,马来西亚,2.2460147415056513
2019,马里,4.543720223671869
2018,马里,4.578928874782864
2017,马里,4.616110126026426
2016,马里,4.6520537718869415
2015,马里,4.687671407499835
2014,马里,4.722953221644475
2013,马里,4.75960653929251
2012,马里,4.796616650559047
2011,马里,4.832305758571839
2010,马里,4.869839484130799
2009,马里,4.906015244966153
2008,马里,4.942356453342962
2007,马里,4.9788005705762375
2006,马里,5.01529110563245
2005,马里,5.051777237427431
2004,马里,5.08821342874163
2003,马里,5.125153747538848
2002,马里,5.161924741642482
2001,马里,5.19794439240125
2019,马耳他,1.9430489167742813
2018,马耳他,1.9544450515051506
2017,马耳他,1.958685340544036
2016,马耳他,1.9544450515051506
2015,马耳他,1.9473377010464987
2014,马耳他,1.9401794743463283
2013,马耳他,1.9329696377795786
2012,马耳他,1.927164106234258
2011,马耳他,1.922787731634459
2010,马耳他,1.918392120161421
2009,马耳他,1.9154509415706047
2008,马耳他,1.9139771019523042
2007,马耳他,1.9125010869241836
2006,马耳他,1.9139771019523042
2005,马耳他,1.9198594718553708
2004,马耳他,1.9300710850255671
2003,马耳他,1.944480556245719
2002,马耳他,1.965712776351493
2001,马耳他,1.9933388426264242
2019,毛里塔尼亚,4.2889514553941215
2018,毛里塔尼亚,4.3221439250725044
2017,毛里塔尼亚,4.354012888218683
2016,毛里塔尼亚,4.385769620952716
2015,毛里塔尼亚,4.415340513703815
2014,毛里塔尼亚,4.44886719159269
2013,毛里塔尼亚,4.478131952817368
2012,毛里塔尼亚,4.5090997172373575
2011,毛里塔尼亚,4.539671203755396
2010,毛里塔尼亚,4.570061008874523
2009,毛里塔尼亚,4.595927604621159
2008,毛里塔尼亚,4.622027303054514
2007,毛里塔尼亚,4.646312129319266
2006,毛里塔尼亚,4.669083511731744
2005,毛里塔尼亚,4.687671407499835
2004,毛里塔尼亚,4.701389043728634
2003,毛里塔尼亚,4.711330381816482
2002,毛里塔尼亚,4.716711560720999
2001,毛里塔尼亚,4.721173861744398
2019,毛里求斯,2.7732135270086236
2018,毛里求斯,2.733717947850788
2017,毛里求斯,2.698673039289613
2016,毛里求斯,2.6748380668960965
2015,毛里求斯,2.673458756332591
2014,毛里求斯,2.6925980965432883
2013,毛里求斯,2.7093826463359885
2012,毛里求斯,2.7040421797046714
2011,毛里求斯,2.6858045921548905
2010,毛里求斯,2.6741486494265287
2009,毛里求斯,2.681706225762608
2008,毛里求斯,2.7013612129514133
2007,毛里求斯,2.7206373166076814
2006,毛里求斯,2.7363136663750693
2005,毛里求斯,2.747270914255491
2004,毛里求斯,2.756205242989257
2003,毛里求斯,2.772588722239781
2002,毛里求斯,2.8069901489571136
2001,毛里求斯,2.8610573702273894
2019,墨西哥,2.6511270537025893
2018,墨西哥,2.6851226964585053
2017,墨西哥,2.7186603802142257
2016,墨西哥,2.7517480563679295
2015,墨西哥,2.785011242238338
2014,墨西哥,2.817801065061329
2013,墨西哥,2.8507065015037334
2012,墨西哥,2.883682769745368
2011,墨西哥,2.917770732084279
2010,墨西哥,2.9512577834521614
2009,墨西哥,2.9851767596144745
2008,墨西哥,3.018960399673198
2007,墨西哥,3.0535293722802077
2006,墨西哥,3.089677886396519
2005,墨西哥,3.126760535960395
2004,墨西哥,3.165896900077314
2003,墨西哥,3.20761263258949
2002,墨西哥,3.250374491927572
2001,墨西哥,3.2947251371516386
2019,蒙古,2.749192144433385
2018,蒙古,2.8039662579320366
2017,蒙古,2.865053949911875
2016,蒙古,2.932792473780117
2015,蒙古,3.007166651179654
2014,蒙古,3.0855729775537806
2013,蒙古,3.166740070447672
2012,蒙古,3.2480462021679806
2011,蒙古,3.32862668882732
2010,蒙古,3.40684805317097
2009,蒙古,3.482777368654578
2008,蒙古,3.5570608794930885
2007,蒙古,3.6317798620733637
2006,蒙古,3.708436953329467
2005,蒙古,3.7864597824528
2004,蒙古,3.865769620910684
2003,蒙古,3.947003974323392
2002,蒙古,4.027135812528651
2001,蒙古,4.106108429142343
2019,黑山,0.8458682675776092
2018,黑山,0.9282193027394288
2017,黑山,1.0260415958332743
2016,黑山,1.144222799920162
2015,黑山,1.269760544863939
2014,黑山,1.3987168811184478
2013,黑山,1.5238800240724537
2012,黑山,1.6467336971777973
2011,黑山,1.766441661243765
2010,黑山,1.8809906029559975
2009,黑山,1.9919755158985601
2008,黑山,2.0955609235597192
2007,黑山,2.1938856760707046
2006,黑山,2.2844211223663744
2005,黑山,2.3683728335320486
2004,黑山,2.4432162227337915
2003,黑山,2.509599262378372
2002,黑山,2.567254391136754
2001,黑山,2.6152036507358583
2019,摩洛哥,3.062923523094314
2018,摩洛哥,3.1018924693823817
2017,摩洛哥,3.1419947805322432
2016,摩洛哥,3.184284380098582
2015,摩洛哥,3.2296179214001026
2014,摩洛哥,3.2756341586868096
2013,摩洛哥,3.3214324131932926
2012,摩洛哥,3.367985247456042
2011,摩洛哥,3.4134552790576573
2010,摩洛哥,3.457892725338701
2009,摩洛哥,3.502549875922443
2008,摩洛哥,3.5467396869528134
2007,摩洛哥,3.591542221224979
2006,摩洛哥,3.6346872250305093
2005,摩洛哥,3.678576561118039
2004,摩洛哥,3.72255598047332
2003,摩洛哥,3.7665346986795405
2002,摩洛哥,3.810211739281461
2001,摩洛哥,3.8548175316573667
2019,莫桑比克,4.307437777682809
2018,莫桑比克,4.344194956364874
2017,莫桑比克,4.374372415737022
2016,莫桑比克,4.404399485525607
2015,莫桑比克,4.447697327163527
2014,莫桑比克,4.492225426971957
2013,莫桑比克,4.524935793277486
2012,莫桑比克,4.566948973167894
2011,莫桑比克,4.609162207257629
2010,莫桑比克,4.653007515402251
2009,莫桑比克,4.679349584162343
2008,莫桑比克,4.729156165769083
2007,莫桑比克,4.78164132910387
2006,莫桑比克,4.837867950107113
2005,莫桑比克,4.882044059723269
2004,莫桑比克,4.927253685157205
2003,莫桑比克,4.974662633637438
2002,莫桑比克,5.025195445427586
2001,莫桑比克,5.078916801512661
2019,缅甸,3.799078246412012
2018,缅甸,3.8366526984033693
2017,缅甸,3.8734900557113625
2016,缅甸,3.9104217240611723
2015,缅甸,3.94681083091381
2014,缅甸,3.983413001514819
2013,缅甸,4.022490458454117
2012,缅甸,4.064228938317477
2011,缅甸,4.1059436980654525
2010,缅甸,4.149306120296075
2009,缅甸,4.190260619051927
2008,缅甸,4.489422577443778
2007,缅甸,4.2691378525952635
2006,缅甸,4.305550475963267
2005,缅甸,4.3400320779712045
2004,缅甸,4.373238128640803
2003,缅甸,4.404277243608702
2002,缅甸,4.433788569232471
2001,缅甸,4.46153073578648
2019,纳米比亚,3.7462045207332055
2018,纳米比亚,3.768152635008444
2017,纳米比亚,3.796163119333611
2016,纳米比亚,3.835141961092188
2015,纳米比亚,3.867862109642376
2014,纳米比亚,3.874113432354926
2013,纳米比亚,3.913222286003628
2012,纳米比亚,3.9546992797085823
2011,纳米比亚,3.9197927426925068
2010,纳米比亚,3.905401129119259
2009,纳米比亚,3.9473901492654373
2008,纳米比亚,4.0210567664522685
2007,纳米比亚,4.106108429142343
2006,纳米比亚,4.183575695950044
2005,纳米比亚,4.2514907510291575
2004,纳米比亚,4.300409772001559
2003,纳米比亚,4.304605487705297
2002,纳米比亚,4.308649164869106
2001,纳米比亚,4.316420877575887
2019,尼泊尔,3.427189961936409
2018,尼泊尔,3.4641721808235437
2017,尼泊尔,3.5028510353886553
2016,尼泊尔,3.544431549748063
2015,尼泊尔,3.589611452455267
2014,尼泊尔,3.6357423557008075
2013,尼泊尔,3.685373314784649
2012,尼泊尔,3.737431494696102
2011,尼泊尔,3.7898553714539385
2010,尼泊尔,3.8426729272933526
2009,尼泊尔,3.895283681423848
2008,尼泊尔,3.947969132201615
2007,尼泊尔,4.001498011855749
2006,尼泊尔,4.056123349401903
2005,尼泊尔,4.110873864173311
2004,尼泊尔,4.166355098198373
2003,尼泊尔,4.222444564849416
2002,尼泊尔,4.279162999214643
2001,尼泊尔,4.336767728268267
2019,荷兰,1.3962446919730587
2018,荷兰,1.3937663759585917
2017,荷兰,1.3912819026309295
2016,荷兰,1.3937663759585917
2015,荷兰,1.3987168811184478
2014,荷兰,1.4060969884160703
2013,荷兰,1.4206957878372228
2012,荷兰,1.43746264769429
2011,荷兰,1.4609379041156563
2010,荷兰,1.4861396960896067
2009,荷兰,1.5173226235262947
2008,荷兰,1.5539252025038417
2007,荷兰,1.5912739418064292
2006,荷兰,1.631199404215613
2005,荷兰,1.6714733033535532
2004,荷兰,1.7101878155342434
2003,荷兰,1.7439688053917064
2002,荷兰,1.7749523509116738
2001,荷兰,1.801709800081223
2019,新西兰,1.556037135706985
2018,新西兰,1.5912739418064292
2017,新西兰,1.6253112615903906
2016,新西兰,1.6620303625532709
2015,新西兰,1.6956156086751528
2014,新西兰,1.728109442151599
2013,新西兰,1.7544036826842861
2012,新西兰,1.7783364488959144
2011,新西兰,1.7984040119467235
2010,新西兰,1.814824742159051
2009,新西兰,1.8309801823813363
2008,新西兰,1.843719208158766
2007,新西兰,1.8578592709325787
2006,新西兰,1.8718021769015913
2005,新西兰,1.888583653863595
2004,新西兰,1.9065751436566365
2003,新西兰,1.9286186519452522
2002,新西兰,1.9501867058225735
2001,新西兰,1.9740810260220096
2019,尼加拉瓜,2.8124102164264526
2018,尼加拉瓜,2.850128299695199
2017,尼加拉瓜,2.8881470628740535
2016,尼加拉瓜,2.926382195419198
2015,尼加拉瓜,2.9668182633893485
2014,尼加拉瓜,3.0081547935525483
2013,尼加拉瓜,3.0487989944906833
2012,尼加拉瓜,3.089677886396519
2011,尼加拉瓜,3.1307001339644756
2010,尼加拉瓜,3.1730412885244013
2009,尼加拉瓜,3.2164729402518906
2008,尼加拉瓜,3.2596338173403683
2007,尼加拉瓜,3.3046864812813115
2006,尼加拉瓜,3.349904087274605
2005,尼加拉瓜,3.3968546322280186
2004,尼加拉瓜,3.4445761049641
2003,尼加拉瓜,3.492864570187979
2002,尼加拉瓜,3.5429862539335333
2001,尼加拉瓜,3.5953926110204724
2019,尼日尔,4.386640972224627
2018,尼日尔,4.423648309364701
2017,尼日尔,4.461761602692735
2016,尼日尔,4.502140285668547
2015,尼日尔,4.5435075255959845
2014,尼日尔,4.589650374330055
2013,尼日尔,4.634728988229636
2012,尼日尔,4.686750172980514
2011,尼日尔,4.743191483885466
2010,尼日尔,4.805659046737495
2009,尼日尔,4.871373226762748
2008,尼日尔,4.938781190328272
2007,尼日尔,5.004617221770693
2006,尼日尔,5.072043922224899
2005,尼日尔,5.1375615876686425
2004,尼日尔,5.202356975402125
2003,尼日尔,5.263725921778417
2002,尼日尔,5.321056853517526
2001,尼日尔,5.371567828287629
2019,尼日利亚,4.763881877142913
2018,尼日利亚,4.787491742782046
2017,尼日利亚,4.810557015713042
2016,尼日利亚,4.8283137373023015
2015,尼日利亚,4.842611042003125
2014,尼日利亚,4.855928904335275
2013,尼日利亚,4.866764923676554
2012,尼日利亚,4.880526608749236
2011,尼日利亚,4.894850261102546
2010,尼日利亚,4.912654885736052
2009,尼日利亚,4.933034048072704
2008,尼日利亚,4.95723451736914
2007,尼日利亚,4.983606621708336
2006,尼日利亚,5.014627315365793
2005,尼日利亚,5.0466457316192885
2004,尼日利亚,5.080161356744866
2003,尼日利亚,5.114394528387108
2002,尼日利亚,5.147494476813453
2001,尼日利亚,5.180096735160606
2019,纽埃,3.1432898379116057
2018,纽埃,3.177220149599368
2017,纽埃,3.2128577525426376
2016,纽埃,3.24376354037598
2015,纽埃,3.2729851505152325
2014,纽埃,3.3013770463799443
2013,纽埃,3.3282682016393976
2012,纽埃,3.353406717825807
2011,纽埃,3.377928754722801
2010,纽埃,3.3965197921110444
2009,纽埃,3.4151002868311466
2008,纽埃,3.4258899942525267
2007,纽埃,3.4307561839036995
2006,纽埃,3.4301087251565754
2005,纽埃,3.4114776910697118
2004,纽埃,3.380994674344636
2003,纽埃,3.3339886319687055
2002,纽埃,3.281287084989598
2001,纽埃,3.222469360378331
2019,挪威,0.8919980393051105
2018,挪威,0.9202827531436925
2017,挪威,0.9439058989071284
2016,挪威,0.9707789171582248
2015,挪威,1.000631880307906
2014,挪威,1.0296194171811581
2013,挪威,1.0647107369924282
2012,挪威,1.0986122886681098
2011,挪威,1.1410330045520618
2010,挪威,1.1817271953786161
2009,挪威,1.2267122912954254
2008,挪威,1.2725655957915476
2007,挪威,1.3164082336557241
2006,挪威,1.358409157630355
2005,挪威,1.3987168811184478
2004,挪威,1.4398351280479205
2003,挪威,1.47932922708708
2002,挪威,1.5173226235262947
2001,挪威,1.5496879080283263
2019,阿曼,2.4344901638739844
2018,阿曼,2.4336133554004498
2017,阿曼,2.427454075039915
2016,阿曼,2.421256622711544
2015,阿曼,2.4168062370840686
2014,阿曼,2.418588768750352
2013,阿曼,2.425687290128029
2012,阿曼,2.4362414778067194
2011,阿曼,2.4475508632442313
2010,阿曼,2.4595888418037104
2009,阿曼,2.47232786758114
2008,阿曼,2.485739636091892
2007,阿曼,2.502255288122613
2006,阿曼,2.5241273629412815
2005,阿曼,2.551786178627545
2004,阿曼,2.5862591440482876
2003,阿曼,2.6282852326333477
2002,阿曼,2.6775909936175015
2001,阿曼,2.7350166493320245
2019,巴基斯坦,4.208268308540415
2018,巴基斯坦,4.239886867512759
2017,巴基斯坦,4.2708157053378795
2016,巴基斯坦,4.301494223781961
2015,巴基斯坦,4.331391018705302
2014,巴基斯坦,4.360547602996758
2013,巴基斯坦,4.389498649512583
2012,巴基斯坦,4.417031743872572
2011,巴基斯坦,4.443004135397701
2010,巴基斯坦,4.467286478624705
2009,巴基斯坦,4.489534842389167
2008,巴基斯坦,4.510199948396864
2007,巴基斯坦,4.529260591887741
2006,巴基斯坦,4.547329186298241
2005,巴基斯坦,4.565701442077724
2004,巴基斯坦,4.584559232083967
2003,巴基斯坦,4.604770105966751
2002,巴基斯坦,4.626931677769604
2001,巴基斯坦,4.651099117876491
2019,帕劳,2.8524391037275145
2018,帕劳,2.8853592160726205
2017,帕劳,2.9193910402972683
2016,帕劳,2.952302715626655
2015,帕劳,2.9816333491744893
2014,帕劳,3.013572191682322
2013,帕劳,3.0440461338325417
2012,帕劳,3.0740812399649675
2011,帕劳,3.1023420086122493
2010,帕劳,3.1350593387750902
2009,帕劳,3.1629401925378975
2008,帕劳,3.190476350346503
2007,帕劳,3.2160718975354663
2006,帕劳,3.2371085931292605
2005,帕劳,3.25848107946056
2004,帕劳,3.2786530289040616
2003,帕劳,3.2962071678045244
2002,帕劳,3.3174533882291946
2001,帕劳,3.3379025312898416
2019,巴拿马,2.6979998652487085
2018,巴拿马,2.729159164312445
2017,巴拿马,2.766319109226186
2016,巴拿马,2.7985001040242823
2015,巴拿马,2.829087196145044
2014,巴拿马,2.8633430855082453
2013,巴拿马,2.896464271895322
2012,巴拿马,2.926382195419198
2011,巴拿马,2.9590682891823996
2010,巴拿马,2.9902170928658807
2009,巴拿马,3.0184717605234805
2008,巴拿马,3.046425387869509
2007,巴拿马,3.0763901765714454
2006,巴拿马,3.1041381473977774
2005,巴拿马,3.130263166511597
2004,巴拿马,3.1561489949598958
2003,巴拿马,3.1822118404966093
2002,巴拿马,3.208017081533325
2001,巴拿马,3.233173129569025
2019,巴布亚新几内亚,3.8019849002192085
2018,巴布亚新几内亚,3.835141961092188
2017,巴布亚新几内亚,3.863882630100211
2016,巴布亚新几内亚,3.892636291627956
2015,巴布亚新几内亚,3.9221713364799613
2014,巴布亚新几内亚,3.9481620520440193
2013,巴布亚新几内亚,3.9744342655495433
2012,巴布亚新几内亚,3.9998507157936665
2011,巴布亚新几内亚,4.02535169073515
2010,巴布亚新几内亚,4.048998460455224
2009,巴布亚新几内亚,4.073631520624559
2008,巴布亚新几内亚,4.096841442420688
2007,巴布亚新几内亚,4.119687369893896
2006,巴布亚新几内亚,4.141546163706395
2005,巴布亚新几内亚,4.163092959383195
2004,巴布亚新几内亚,4.183118274275528
2003,巴布亚新几内亚,4.202451303547952
2002,巴布亚新几内亚,4.221270855794487
2001,巴布亚新几内亚,4.239310332472287
2019,巴拉圭,2.967332799032293
2018,巴拉圭,3.0022112396517002
2017,巴拉圭,3.035433640405543
2016,巴拉圭,3.067587710654419
2015,巴拉圭,3.100542637906336
2014,巴拉圭,3.133317936506554
2013,巴拉圭,3.1633631149379418
2012,巴拉圭,3.1954024686825586
2011,巴拉圭,3.2268439945173775
2010,巴拉圭,3.25848107946056
2009,巴拉圭,3.289893312103481
2008,巴拉圭,3.318540147981146
2007,巴拉圭,3.3474449256629084
2006,巴拉圭,3.3751955791231545
2005,巴拉圭,3.4015306594522756
2004,巴拉圭,3.424588334452731
2003,巴拉圭,3.447762850809476
2002,巴拉圭,3.471345141564237
2001,巴拉圭,3.494080375808869
2019,秘鲁,2.5817308344235403
2018,秘鲁,2.6210388241125804
2017,秘鲁,2.663052835171474
2016,秘鲁,2.706048198431537
2015,秘鲁,2.7517480563679295
2014,秘鲁,2.797281334830153
2013,秘鲁,2.8437459165561094
2012,秘鲁,2.8903717578961645
2011,秘鲁,2.9391619220655967
2010,秘鲁,2.990719731730447
2009,秘鲁,3.045474365448805
2008,秘鲁,3.1023420086122493
2007,秘鲁,3.1616703510974213
2006,秘鲁,3.2228678461377385
2005,秘鲁,3.286908235260028
2004,秘鲁,3.3530570063342204
2003,秘鲁,3.4223063448723905
2002,秘鲁,3.495294705041271
2001,秘鲁,3.571221410645704
2019,菲律宾,3.3061538329752613
2018,菲律宾,3.3336320621663895
2017,菲律宾,3.3579418729911983
2016,菲律宾,3.3782698770184507
2015,菲律宾,3.395514598526657
2014,菲律宾,3.40684805317097
2013,菲律宾,3.4196919642983197
2012,菲律宾,3.4326960487215263
2011,菲律宾,3.444895236927875
2010,菲律宾,3.4572626055951043
2009,菲律宾,3.4701013603093664
2008,菲律宾,3.4840054928494704
2007,菲律宾,3.4989288701554906
2006,菲律宾,3.515418525752178
2005,菲律宾,3.5336865647082343
2004,菲律宾,3.5524868292083815
2003,菲律宾,3.571502585960364
2002,菲律宾,3.590715205326705
2001,菲律宾,3.6090242288644716
2019,波兰,1.47932922708708
2018,波兰,1.4973884086254774
2017,波兰,1.5216989981260935
2016,波兰,1.547562508716013
2015,波兰,1.5789787049493917
2014,波兰,1.6134299337036377
2013,波兰,1.6524974018945473
2012,波兰,1.6900958154515549
2011,波兰,1.7334238922150915
2010,波兰,1.7850704810772584
2009,波兰,1.843719208158766
2008,波兰,1.9021075263969205
2007,波兰,1.9501867058225735
2006,波兰,1.9878743481543455
2005,波兰,2.0215475632609334
2004,波兰,2.05668455455722
2003,波兰,2.0930978681273213
2002,波兰,2.131796772013764
2001,波兰,2.175887439948088
2019,葡萄牙,1.3029127521808397
2018,葡萄牙,1.3001916620664788
2017,葡萄牙,1.2947271675944
2016,葡萄牙,1.2892326482767593
2015,葡萄牙,1.2864740258376797
2014,葡萄牙,1.2864740258376797
2013,葡萄牙,1.2919836816486494
2012,葡萄牙,1.3029127521808397
2011,葡萄牙,1.3164082336557241
2010,葡萄牙,1.3376291891386096
2009,葡萄牙,1.3635373739972745
2008,葡萄牙,1.3937663759585917
2007,葡萄牙,1.4279160358107101
2006,葡萄牙,1.4747630091074988
2005,葡萄牙,1.534714366238164
2004,葡萄牙,1.6154199841116479
2003,葡萄牙,1.706564623164823
2002,葡萄牙,1.80005827204275
2001,葡萄牙,1.890095369948917
2019,卡塔尔,1.873339456220478
2018,卡塔尔,1.9198594718553708
2017,卡塔尔,1.9671123567059163
2016,卡塔尔,2.0135687975291283
2015,卡塔尔,2.057962510002712
2014,卡塔尔,2.096790180014449
2013,卡塔尔,2.130609828254235
2012,卡塔尔,2.1598687907924505
2011,卡塔尔,2.1849270495258133
2010,卡塔尔,2.21046980408624
2009,卡塔尔,2.2332350148592526
2008,卡塔尔,2.25758772706331
2007,卡塔尔,2.2844211223663744
2006,卡塔尔,2.3135250330323798
2005,卡塔尔,2.343727036325221
2004,卡塔尔,2.377692565480851
2003,卡塔尔,2.412335956953165
2002,卡塔尔,2.449279472144849
2001,卡塔尔,2.4865719291070616
2019,罗马尼亚,1.9430489167742813
2018,罗马尼亚,2.020222182019865
2017,罗马尼亚,2.086913556518537
2016,罗马尼亚,2.145931282948669
2015,罗马尼亚,2.211565694606877
2014,罗马尼亚,2.286455711064162
2013,罗马尼亚,2.3608540011180215
2012,罗马尼亚,2.421256622711544
2011,罗马尼亚,2.469793011977952
2010,罗马尼亚,2.514465452029545
2009,罗马尼亚,2.565718292524414
2008,罗马尼亚,2.6311691567662523
2007,罗马尼亚,2.719319793360441
2006,罗马尼亚,2.8172035149987327
2005,罗马尼亚,2.9014215940827497
2004,罗马尼亚,2.9580304063699794
2003,罗马尼亚,2.990719731730447
2002,罗马尼亚,3.006672213592325
2001,罗马尼亚,3.0223742045004123
2019,卢旺达,3.5360196074696004
2018,卢旺达,3.579901291544191
2017,卢旺达,3.623540612805596
2016,卢旺达,3.6691868207682004
2015,卢旺达,3.725452434344777
2014,卢旺达,3.790758917935107
2013,卢旺达,3.8636727444870993
2012,卢旺达,3.9504741918023987
2011,卢旺达,4.044979232676772
2010,卢旺达,4.154341536128396
2009,卢旺达,4.2581626474514955
2008,卢旺达,4.362843815257108
2007,卢旺达,4.471524501118173
2006,卢旺达,4.5810823904590015
2005,卢旺达,4.694096395182493
2004,卢旺达,4.809742351716865
2003,卢旺达,4.923623917106626
2002,卢旺达,5.025195445427586
2001,卢旺达,5.114394528387108
2019,圣卢西亚,3.1059310658520665
2018,圣卢西亚,3.0914968955383704
2017,圣卢西亚,3.075928815548268
2016,圣卢西亚,3.0591764461105257
2015,圣卢西亚,3.0421386463681466
2014,圣卢西亚,3.0257763949023677
2013,圣卢西亚,3.0101281538377234
2012,圣卢西亚,2.995232148512309
2011,圣卢西亚,2.9806186357439426
2010,圣卢西亚,2.9678470700644555
2009,圣卢西亚,2.9559514035421466
2008,圣卢西亚,2.944965156500338
2007,圣卢西亚,2.9349201341572337
2006,圣卢西亚,2.9269179575536315
2005,圣卢西亚,2.920469789053444
2004,圣卢西亚,2.9156062290747062
2003,圣卢西亚,2.9128939952449864
2002,圣卢西亚,2.91180703861623
2001,圣卢西亚,2.913437030827161
2019,萨摩亚,2.7087166456453704
2018,萨摩亚,2.739548868161581
2017,萨摩亚,2.7700855920216627
2016,萨摩亚,2.7985001040242823
2015,萨摩亚,2.825536896557877
2014,萨摩亚,2.851284369188118
2013,萨摩亚,2.872999508171694
2012,萨摩亚,2.8898160479624417
2011,萨摩亚,2.9036169846461855
2010,萨摩亚,2.913437030827161
2009,萨摩亚,3.177220149599368
2008,萨摩亚,2.920469789053444
2007,萨摩亚,2.9215473753646144
2006,萨摩亚,2.9231615807191558
2005,萨摩亚,2.9269179575536315
2004,萨摩亚,2.9349201341572337
2003,萨摩亚,2.949164637737656
2002,萨摩亚,2.970414465569701
2001,萨摩亚,2.998229153752578
2019,沙特阿拉伯,1.8946168546677629
2018,沙特阿拉伯,1.9430489167742813
2017,沙特阿拉伯,2.0001277349601105
2016,沙特阿拉伯,2.0617866064411152
2015,沙特阿拉伯,2.131796772013764
2014,沙特阿拉伯,2.203869120054888
2013,沙特阿拉伯,2.2741856184723477
2012,沙特阿拉伯,2.341805806147327
2011,沙特阿拉伯,2.411439497906128
2010,沙特阿拉伯,2.4782176616372036
2009,沙特阿拉伯,2.5447466501440172
2008,沙特阿拉伯,2.6100697927420065
2007,沙特阿拉伯,2.673458756332591
2006,沙特阿拉伯,2.7350166493320245
2005,沙特阿拉伯,2.7960610784249234
2004,沙特阿拉伯,2.854744580253014
2003,沙特阿拉伯,2.91235066461494
2002,沙特阿拉伯,2.970414465569701
2001,沙特阿拉伯,3.029650491757452
2019,塞内加尔,3.813527758679047
2018,塞内加尔,3.849934813114724
2017,塞内加尔,3.887320392787774
2016,塞内加尔,3.924544285981818
2015,塞内加尔,3.966132331075178
2014,塞内加尔,4.007514986887367
2013,塞内加尔,4.049870072120271
2012,塞内加尔,4.0943445622221
2011,塞内加尔,4.142658422500651
2010,塞内加尔,4.194943760778217
2009,塞内加尔,4.25063580654847
2008,塞内加尔,4.311067545733388
2007,塞内加尔,4.375631227585021
2006,塞内加尔,4.445705411337064
2005,塞内加尔,4.519939041625431
2004,塞内加尔,4.595927604621159
2003,塞内加尔,4.672828834461906
2002,塞内加尔,4.74493212836325
2001,塞内加尔,4.808927023502111
2019,塞尔维亚,1.6714733033535532
2018,塞尔维亚,1.7101878155342434
2017,塞尔维亚,1.7509374747078
2016,塞尔维亚,1.7934247485471162
2015,塞尔维亚,1.8373699804801074
2014,塞尔维亚,1.8825138324965192
2013,塞尔维亚,1.927164106234258
2012,塞尔维亚,1.965712776351493
2011,塞尔维亚,1.998773638612381
2010,塞尔维亚,2.028148247292285
2009,塞尔维亚,2.052840859882657
2008,塞尔维亚,2.0731719286662407
2007,塞尔维亚,2.0943301541735866
2006,塞尔维亚,2.127040520479115
2005,塞尔维亚,2.187174241482718
2004,塞尔维亚,2.2679936482244267
2003,塞尔维亚,2.3561258599220753
2002,塞尔维亚,2.4379897300002487
2001,塞尔维亚,2.502255288122613
2019,塞舌尔,2.6567569067146595
2018,塞舌尔,2.67552700939665
2017,塞舌尔,2.688527534613346
2016,塞舌尔,2.6953026282797072
2015,塞舌尔,2.6919208191723265
2014,塞舌尔,2.6837575085331657
2013,塞舌尔,2.6727683869575705
2012,塞舌尔,2.663052835171474
2011,塞舌尔,2.6539459421090092
2010,塞舌尔,2.645465325910589
2009,塞舌尔,2.63834278867739
2008,塞舌尔,2.6326080059353516
2007,塞舌尔,2.6275629501895237
2006,塞舌尔,2.6232182655855123
2005,塞舌尔,2.6210388241125804
2004,塞舌尔,2.6188546222977394
2003,塞舌尔,2.6181254935742233
2002,塞舌尔,2.6181254935742233
2001,塞舌尔,2.6195832197798796
2019,塞拉利昂,4.693181063310805
2018,塞拉利昂,4.7318028369214575
2017,塞拉利昂,4.772378104971998
2016,塞拉利昂,4.81380905109942
2015,塞拉利昂,4.929425238670713
2014,塞拉利昂,4.925077405734609
2013,塞拉利昂,4.94021282979971
2012,塞拉利昂,4.9856593080260785
2011,塞拉利昂,5.0317442573064906
2010,塞拉利昂,5.07829394257007
2009,塞拉利昂,5.12455904041457
2008,塞拉利昂,5.168777995193051
2007,塞拉利昂,5.21057845224003
2006,塞拉利昂,5.249127122357265
2005,塞拉利昂,5.2847254130285695
2004,塞拉利昂,5.318119993844216
2003,塞拉利昂,5.348535082708654
2002,塞拉利昂,5.376666332959013
2001,塞拉利昂,5.40357787720553
2019,新加坡,0.9321640810304452
2018,新加坡,0.9631743177730056
2017,新加坡,0.9820784724121582
2016,新加坡,0.9969486348916096
2015,新加坡,1.000631880307906
2014,新加坡,1.007957920399979
2013,新加坡,1.0116009116784799
2012,新加坡,1.0224509277025455
2011,新加坡,1.0331844833456545
2010,新加坡,1.0402767116551463
2009,新加坡,1.0438040521731147
2008,新加坡,1.0438040521731147
2007,新加坡,1.0473189942805592
2006,新加坡,1.0577902941478545
2005,新加坡,1.0818051703517284
2004,新加坡,1.1151415906193203
2003,新加坡,1.1600209167967532
2002,新加坡,1.2178757094949273
2001,新加坡,1.2837077723447896
2019,斯洛伐克,1.749199854809259
2018,斯洛伐克,1.7681496035889213
2017,斯洛伐克,1.7884205679625405
2016,斯洛伐克,1.8066480817218056
2015,斯洛伐克,1.827769906751088
2014,斯洛伐克,1.8484548129046001
2013,斯洛伐克,1.8702625307159986
2012,斯洛伐克,1.8946168546677629
2011,斯洛伐克,1.918392120161421
2010,斯洛伐克,1.9459101490553132
2009,斯洛伐克,1.9740810260220096
2008,斯洛伐克,2.005525858729668
2007,斯洛伐克,2.0373166153791646
2006,斯洛伐克,2.0719132752590443
2005,斯洛伐克,2.105352923464337
2004,斯洛伐克,2.138889000323256
2003,斯洛伐克,2.172476407647025
2002,斯洛伐克,2.206074192613202
2001,斯洛伐克,2.2417729535972883
2019,斯洛文尼亚,0.7323678937132266
2018,斯洛文尼亚,0.7747271675523681
2017,斯洛文尼亚,0.8197798314933114
2016,斯洛文尼亚,0.8671004876833833
2015,斯洛文尼亚,0.9162907318741551
2014,斯洛文尼亚,0.9669838461896731
2013,斯洛文尼亚,1.0152306797290584
2012,斯洛文尼亚,1.0647107369924282
2011,斯洛文尼亚,1.1151415906193203
2010,斯洛文尼亚,1.169381359556317
2009,斯洛文尼亚,1.220829921392359
2008,斯洛文尼亚,1.275362800412609
2007,斯洛文尼亚,1.3297240096314962
2006,斯洛文尼亚,1.3837912309017721
2005,斯洛文尼亚,1.43746264769429
2004,斯洛文尼亚,1.4906543764441336
2003,斯洛文尼亚,1.5432981099295553
2002,斯洛文尼亚,1.5973653311998313
2001,斯洛文尼亚,1.6505798557652755
2019,索马里,4.762173934797756
2018,索马里,4.789988622980633
2017,索马里,4.823502180305079
2016,索马里,4.855150391255861
2015,索马里,4.888090941338162
2014,索马里,4.922168312773925
2013,索马里,4.956531035103055
2012,索马里,4.987707789452551
2011,索马里,5.019925341003349
2010,索马里,5.050496827521386
2009,索马里,5.080161356744866
2008,索马里,5.105339229565553
2007,索马里,5.12574810119676
2006,索马里,5.1387352967235715
2005,索马里,5.1422481808981475
2004,索马里,5.1422481808981475
2003,索马里,5.1422481808981475
2002,索马里,5.1422481808981475
2001,索马里,5.1422481808981475
2019,南非,3.5397992310997837
2018,南非,3.555919326857706
2017,南非,3.572345637857985
2016,南非,3.5882300459640066
2015,南非,3.612808017162641
2014,南非,3.6396892099231644
2013,南非,3.66791114767774
2012,南非,3.7103962975761857
2011,南非,3.8010914447208646
2010,南非,3.9347624923976356
2009,南非,4.0905038628361625
2008,南非,4.229312422632585
2007,南非,4.3221439250725044
2006,南非,4.375127892982725
2005,南非,4.370839289033305
2004,南非,4.358502089626924
2003,南非,4.331259517620229
2002,南非,4.309187088496924
2001,南非,4.290048397777529
2019,西班牙,1.1314021114911006
2018,西班牙,1.1505720275988207
2017,西班牙,1.1662709371419244
2016,西班牙,1.1786549963416462
2015,西班牙,1.1939224684724346
2014,西班牙,1.2149127443642704
2013,西班牙,1.2412685890696329
2012,西班牙,1.2725655957915476
2011,西班牙,1.308332819650179
2010,西班牙,1.3480731482996928
2009,西班牙,1.3887912413184778
2008,西班牙,1.430311246536665
2007,西班牙,1.472472057360943
2006,西班牙,1.5129270120532565
2005,西班牙,1.5496879080283263
2004,西班牙,1.5830939370944985
2003,西班牙,1.6114359150967734
2002,西班牙,1.6370530794670737
2001,西班牙,1.6639260977181702
2019,斯里兰卡,1.9615022438151495
2018,斯里兰卡,2.005525858729668
2017,斯里兰卡,2.0541237336955462
2016,斯里兰卡,2.1065702090680887
2015,斯里兰卡,2.167910189667444
2014,斯里兰卡,2.2353763433005955
2013,斯里兰卡,2.301584592660462
2012,斯里兰卡,2.3617969526258915
2011,斯里兰卡,2.412335956953165
2010,斯里兰卡,2.4518667957098
2009,斯里兰卡,2.482403519569882
2008,斯里兰卡,2.514465452029545
2007,斯里兰卡,2.5572273113676265
2006,斯里兰卡,2.60638654732571
2005,斯里兰卡,2.6511270537025893
2004,斯里兰卡,3.369362658142137
2003,斯里兰卡,2.714694743820879
2002,斯里兰卡,2.7427736371605955
2001,斯里兰卡,2.772588722239781
2019,苏里南,2.8898160479624417
2018,苏里南,2.9193910402972683
2017,苏里南,2.94706710157271
2016,苏里南,2.9780773383152703
2015,苏里南,3.006672213592325
2014,苏里南,3.033509637888021
2013,苏里南,3.0596455992976437
2012,苏里南,3.0855729775537806
2011,苏里南,3.111735949310297
2010,苏里南,3.138533072185662
2009,苏里南,3.1633631149379418
2008,苏里南,3.190476350346503
2007,苏里南,3.217675104291682
2006,苏里南,3.2461018111217923
2005,苏里南,3.2756341586868096
2004,苏里南,3.3046864812813115
2003,苏里南,3.3371920516862432
2002,苏里南,3.3690184832979204
2001,苏里南,3.4035279970004377
2019,瑞典,0.9439058989071284
2018,瑞典,0.9783261227936078
2017,瑞典,1.0116009116784799
2016,瑞典,1.0367368849500223
2015,瑞典,1.0543120297715298
2014,瑞典,1.0681530811834012
2013,瑞典,1.0784095813505903
2012,瑞典,1.091923300517313
2011,瑞典,1.1019400787607843
2010,瑞典,1.1184149159642893
2009,瑞典,1.1410330045520618
2008,瑞典,1.1662709371419244
2007,瑞典,1.199964782928397
2006,瑞典,1.2383742310432684
2005,瑞典,1.2809338454620642
2004,瑞典,1.3217558399823195
2003,瑞典,1.355835153635182
2002,瑞典,1.3812818192963463
2001,瑞典,1.3987168811184478
2019,瑞士,1.3912819026309295
2018,瑞士,1.4134230285081433
2017,瑞士,1.430311246536665
2016,瑞士,1.4469189829363254
2015,瑞士,1.4609379041156563
2014,瑞士,1.472472057360943
2013,瑞士,1.4816045409242156
2012,瑞士,1.4906543764441336
2011,瑞士,1.501852701754163
2010,瑞士,1.5151272329628591
2009,瑞士,1.5325568680981427
2008,瑞士,1.5518087995974639
2007,瑞士,1.5748464676644813
2006,瑞士,1.5973653311998313
2005,瑞士,1.6213664832993742
2004,瑞士,1.6467336971777973
2003,瑞士,1.6714733033535532
2002,瑞士,1.6937790608678513
2001,瑞士,1.713797927758343
2019,塔吉克斯坦,3.519868911379654
2018,塔吉克斯坦,3.5496173867804286
2017,塔吉克斯坦,3.5782271840103412
2016,塔吉克斯坦,3.6060411758049318
2015,塔吉克斯坦,3.6309854756950335
2014,塔吉克斯坦,3.6550641056192057
2013,塔吉克斯坦,3.6790816116338254
2012,塔吉克斯坦,3.702782359282928
2011,塔吉克斯坦,3.728821061206884
2010,塔吉克斯坦,3.758871825933971
2009,塔吉克斯坦,3.7952644448179504
2008,塔吉克斯坦,3.837730400846291
2007,塔吉克斯坦,3.8903907053010323
2006,塔吉克斯坦,3.9512437185814275
2005,塔吉克斯坦,4.021953064800342
2004,塔吉克斯坦,4.10016094754354
2003,塔吉克斯坦,4.180675151973121
2002,塔吉克斯坦,4.264509188745424
2001,塔吉克斯坦,4.346917457560314
2019,泰国,2.1983350716202463
2018,泰国,2.2428350885882717
2017,泰国,2.288486168614544
2016,泰国,2.334083760053417
2015,泰国,2.379546134130174
2014,泰国,2.425687290128029
2013,泰国,2.4706386779902956
2012,泰国,2.5160822672564502
2011,泰国,2.561867690924129
2010,泰国,2.60859812213055
2009,泰国,2.655352412101761
2008,泰国,2.702032128776647
2007,泰国,2.749192144433385
2006,泰国,2.797281334830153
2005,泰国,2.845490610223448
2004,泰国,2.89314568477889
2003,泰国,2.9418039315284354
2002,泰国,2.990719731730447
2001,泰国,3.0392705755684744
2019,东帝汶,3.7891771754293
2018,东帝汶,3.820346216856242
2017,东帝汶,3.855875844805145
2016,东帝汶,3.8920243589214563
2015,东帝汶,3.927108642846187
2014,东帝汶,3.962906215742716
2013,东帝汶,3.9983841710761894
2012,东帝汶,4.038655656361512
2011,东帝汶,4.079907514424331
2010,东帝汶,4.123255905716521
2009,东帝汶,4.171768459186905
2008,东帝汶,4.222151266709757
2007,东帝汶,4.278054044290903
2006,东帝汶,4.337813479997556
2005,东帝汶,4.397776944765114
2004,东帝汶,4.458292990127331
2003,东帝汶,4.5173220954148965
2002,东帝汶,4.574401652316455
2001,东帝汶,4.629862798578463
