加拿大,美国,澳大利亚,巴布亚新几内亚,密克罗尼西亚联邦,萨摩亚,所罗门群岛,新西兰,阿尔及利亚,埃及,埃塞俄比亚,安哥拉,贝宁,博茨瓦纳,赤道几内亚,多哥,厄立特里亚,冈比亚,几内亚,加纳,加蓬,津巴布韦,喀麦隆,科特迪瓦共和国,肯尼亚,莱索托,利比里亚,利比亚,卢旺达,马达加斯加,马拉维,马里,毛里求斯,毛里塔尼亚,民主刚果,摩洛哥,莫桑比克,纳米比亚,南非,尼日尔,尼日利亚,塞内加尔,塞舌尔,苏丹,坦桑尼亚,突尼斯,乌干达,赞比亚,阿根廷,安提瓜和巴布达,巴哈马,巴拿马,巴西,厄瓜多尔,哥伦比亚,古巴,圭亚那,洪都拉斯,开曼群岛,秘鲁,墨西哥,圣文森特和格林纳丁斯,苏里南,委内瑞拉,乌拉圭,英属维尔京群岛,智利,阿塞拜疆,爱尔兰,爱沙尼亚,奥地利,保加利亚,比利时,波兰,波斯尼亚—黑塞哥维那,丹麦,德国,俄罗斯,法国,荷兰,捷克,拉脱维亚,罗马尼亚,马耳他,葡萄牙,瑞典,瑞士,斯洛伐克,乌克兰,西班牙,匈牙利,意大利,英国,阿富汗,阿拉伯联合酋长国,澳门特别行政区 (中国),巴基斯坦,巴林,朝鲜,菲律宾,哈萨克斯坦,韩国,吉尔吉斯,柬埔寨,卡塔尔,科威特,老挝,马来西亚,蒙古,孟加拉国,缅甸,尼泊尔,日本,沙特阿拉伯,斯里兰卡,塔吉克,泰国,土耳其,土库曼,文莱,乌兹别克,香港特别行政区 (中国),新加坡,也门共和国,伊拉克,伊朗,以色列,印度,印度尼西亚,约旦,越南,百慕大群岛,斐济,帕劳共和国,其他国家地区,汤加,瓦努阿图,布隆迪,佛得角,刚果,吉布提,科摩罗,塞拉利昂,巴巴多斯,格鲁吉亚,希腊,阿曼,巴勒斯坦,东帝汶,黎巴嫩,叙利亚,乍得,中非,玻利维亚,阿尔巴尼亚,白俄罗斯,冰岛,芬兰,克罗地亚,立陶宛,马其顿,摩尔多瓦,塞尔维亚和黑山,斯洛文尼亚,亚美尼亚,塞浦路斯,马绍尔群岛共和国,伯利兹,多米尼克,格林纳达,特立尼达和多巴哥,牙买加,挪威,台湾省,黑山,列支敦士登,卢森堡,塞尔维亚,巴拉圭,多米尼加共和国,几内亚比绍,哥斯达黎加,圣多美和普林西比,南苏丹,库克群岛,基里巴斯,布基纳法索,尼加拉瓜,马尔代夫,萨尔瓦多,圣卢西亚,英属安圭拉
3.8325468039263493,6.219237366805854,6.0318624517148205,2.3243465847755584,-1.2039728043259361,-0.08338160893905101,-2.5257286443082556,3.7898553714539385,1.7404661748405046,2.659559991941776,1.5644405465033646,-1.2039728043259361,2.0425181875752383,0.7419373447293773,2.1564025828159643,1.5539252025038417,0.6312717768418578,-3.2188758248682006,2.663052835171474,1.8870696490323797,3.1801349965517702,3.6038660797869797,1.7457155307266483,2.0856720914304723,3.2398542312533927,-1.4271163556401458,1.7578579175523736,-0.15082288973458366,1.1939224684724346,3.3368366225017656,-0.3285040669720361,2.492378664626701,2.532902848056256,0.598836501088704,-1.4271163556401458,1.4609379041156563,0.883767540168595,-0.3285040669720361,3.8015382722528743,2.5257286443082556,3.4651107074058083,0.9202827531436925,-0.8675005677047231,-0.5978370007556204,2.0095554142156695,0.44468582126144574,0.28517894223366247,4.967727793084979,0.04879016416943205,-1.6094379124341003,3.794364961959914,-1.8325814637483102,3.9548909056553216,-0.5978370007556204,-0.23572233352106983,2.6354795082673745,2.641910398597665,2.189416394888408,8.213566001899578,4.837709458942664,4.576564928977757,1.7227665977411035,2.3085671646715933,2.9647574692545606,-0.6348782724359695,6.277845773826715,-0.2876820724517809,-1.0498221244986778,-1.4271163556401458,-Inf,-0.35667494393873245,-0.5108256237659907,-0.8915981192837836,1.000631880307906,0.37843643572024505,4.309859086371819,4.426163130161966,4.121311010451915,2.574137783515943,1.7749523509116738,-1.1086626245216111,0.4762341789963717,3.392829131991639,-0.9942522733438669,-1.6094379124341003,1.803358605071407,0.7929925155296614,-2.3025850929940455,-2.8134107167600364,4.623108331119105,1.691939133945844,2.953868069455292,4.319486116198983,-0.843970070294529,3.4394560937792455,6.10224534645134,3.3134584673541485,-1.8971199848858813,0.1570037488096647,2.169053700369523,2.9811261211646287,5.461201229449516,2.7593768282675506,4.085808231199814,0.6418538861723947,-1.7719568419318752,2.209372711271867,4.611748501348214,2.5967461315435356,2.134166441369082,2.3243465847755584,0.5933268452777344,4.4921134636957945,-1.4271163556401458,1.8779371654691073,1.6331544390514163,5.0157554967908276,0.4252677354043441,-1.6094379124341003,-2.0402208285265546,1.184789984909162,10.111812244923751,5.1049146397432645,2.546315277916644,6.079841657725395,3.0978374964911444,-1.1394342831883648,-0.040821994520255166,3.9937873072307855,0,3.3579418729911983,3.0005049481271073,2.0818228583773957,1.0574869550125707,1.8976198599275322,1.7331795046716725,-0.5041470846731153,-0.7020565756600567,-3.085143819196337,3.8954513035028717,-1.7974634712932183,-0.7100124200409033,2.1806189925200927,0.8786721464103873,1.5854925972385023,-2.422611977344217,1.7605080766553391,-4.812634585404015,-1.2172173584545836,0.5174046433390391,1.6403073593436088,1.327695077480785,2.87988399076212,2.36718891482302,0.382102495584736,-2.783284526064689,-5.018386973952807,-0.00620013856038764,-0.3417401276153455,0.8485658258355914,-5.108030443422924,-0.8985634276057006,0.6931471805599453,-0.9090075351746258,-0.20468168453153818,-1.0899476902551584,0.9597440298335627,-4.522889996130381,-0.2554723871734106,1.223996935614396,-0.8769404746900129,-4.451898656547143,-1.6279610137848533,-6.8308078790644355,-3.8696837092545175,-2.0263362066449386,4.913485558716203,-1.9799125936447928,5.427992028784244,0.29480299969999685,2.630383927459716,-2.0791900878026004,-1.1831539526756953,3.2605166541391313,1.1160644553101675,-4.051564174213161,8.22956185383718,-1.1059442209672747,-5.492782055816968,-4.605170185988091,-11.089399002175744,-4.613290411717897
4.073971772414164,6.500087747318773,6.203708917553191,1.1969481893889715,-1.0788096613719298,-0.10536051565782628,-2.5257286443082556,3.503152104185149,3.5406694269487495,2.658859956911438,2.063058062429312,-0.7550225842780328,3.0209125720842893,1.33500106673234,2.3233676321765744,1.8309801823813363,-2.120263536200091,-1.6094379124341003,3.2492110246642736,1.8421356765531218,3.44265917146975,3.6391638618680036,1.9430489167742813,2.6461747973841225,3.3484995926617063,-3.506557897319982,1.8531680973566984,-0.13926206733350766,1.1939224684724346,3.7045067099996354,-0.3285040669720361,2.5771819258971713,2.5360749363624,0.7561219797213337,2.753023566744941,2.203869120054888,1.7227665977411035,0.7929925155296614,4.07533162304017,2.6411978941143697,4.3255885495701785,0.9477893989335261,-0.8675005677047231,5.1452244604142114,3.9852734671677386,0.2468600779315258,-1.4696759700589417,4.995521656286208,2.958549482426275,-1.6094379124341003,4.383275854074314,-0.8915981192837836,4.372228792193771,0.7839015438284094,1.9050881545350582,2.6979998652487085,2.554121718809473,1.724550719534605,8.803861249929612,4.834852314141884,4.830631050257462,1.7227665977411035,2.327277705584417,3.2876553402630266,-0.5978370007556204,6.993364006051475,0.3920420877760237,1.3110318766193438,-3.2188758248682006,-Inf,-0.35667494393873245,0.37843643572024505,0.494696241836107,1.0543120297715298,1.3887912413184778,4.207673247529104,4.861438987734129,4.8160791996339585,3.0763901765714454,2.1938856760707046,0.10436001532424286,0.4762341789963717,3.4372078191851885,-0.9942522733438669,-1.6094379124341003,1.8625285401162623,0.62057648772511,-2.3025850929940455,0.2700271372130602,4.84944880983226,1.6900958154515549,3.0368742168851663,4.686381441412914,-0.7985076962177716,3.8407418034231826,6.437479612737692,3.5959414584546674,-1.8971199848858813,3.0791538816930633,2.2823823856765264,3.2100368762009963,6.3313594910066975,2.9580304063699794,4.4985867005853075,0.9932517730102834,0.9282193027394288,2.7356653681351832,4.814133673728467,4.330075229041782,2.1587147225743437,3.004692014925463,1.199964782928397,4.937992914104144,0.7371640659767196,1.9154509415706047,3.0699116717282426,5.20334712895681,1.0612565021243408,-1.6094379124341003,-2.0402208285265546,1.4422019930581866,10.321963978460804,5.451424645078578,3.4346321577483927,6.07504713584924,3.8433158074183553,-1.1394342831883648,1.5151272329628591,4.801969761962699,1.7783364488959144,5.0771718178965,5.221544307742123,0.5709795465857378,-2.3025850929940455,1.8976198599275322,1.1085626195212777,-3.506557897319982,-3.912023005428146,-4.605170185988091,1.7316555451583497,-0.916290731874155,-4.605170185988091,1.747459210331475,0.6259384308664954,1.5769147207285403,-1.0498221244986778,-4.605170185988091,-0.4942963218147801,-2.3025850929940455,-3.912023005428146,-1.1086626245216111,1.093388730188256,0.6003532016115974,2.5490251019396437,-0.6983853858206736,-1.8090213043137653,-4.948681934493134,0.1797459608971603,-0.8347763957382996,0.9315949303157516,-3.9641657424853505,-0.8992594947233559,0.6931471805599453,-0.10197893547812178,-0.607649082546685,-2.1464904810426817,2.9811061135536767,-4.2679102857218965,0.9729429361894146,1.911051875561495,-1.883155594201094,-4.565630657641245,-3.0786669480194364,-3.3887444902817503,-3.721981905579632,-0.6743441952066681,8.322053975327687,-0.9807322502179062,3.9870273029467804,1.5747106828734672,3.369241878212529,-1.501999368076538,-1.179808915914028,2.9004265773926683,0.09198466407610675,-4.446610762808408,7.040588661612706,-0.47604929359740566,-5.868344465209015,-4.605170185988091,-10.23462863073575,-4.349584660260204
4.637540566018542,6.712567303681259,6.375808158594035,2.131796772013764,-0.6931471805599453,-0.10536051565782628,-2.5257286443082556,3.560477739309412,5.142890873216727,3.6838669122903918,3.3951793093365925,2.1736147116970854,2.9444389791664403,2.8970163006148333,2.8069901489571136,1.5644405465033646,-2.120263536200091,0.17395330712343798,3.7891771754293,1.9919755158985601,3.5655812377694427,3.728821061206884,2.063058062429312,3.371081757757532,4.06474409244581,-0.5108256237659907,2.7694588292308535,3.498324092392878,1.5518087995974639,3.910822284851627,-0.31471074483970024,2.5862591440482876,3.2887749522478678,0.8754687373538999,3.2232661731694936,3.0248055210396982,2.6864860231863696,0.8586616190375187,4.720995751493682,3.017493765335504,4.544464310870697,0.8544153281560676,1.4327007339340465,5.862295056115144,4.127456913672303,0.7654678421395714,1.6034198401085373,5.077109440701582,1.4398351280479205,-0.916290731874155,2.6871669901857858,3.5487549460197703,4.3992524153389505,2.8970163006148333,1.9960599327407849,3.5142284036242013,1.7227665977411035,1.6639260977181702,9.097797457870113,4.86151637813002,4.954840655773941,2.50715725872282,2.5664866367804233,3.753027273937688,-0.579818495252942,7.592658571886189,1.3110318766193438,0.9745596399981308,-3.2188758248682006,-Inf,-2.659260036932778,1.095273387402595,0.85015092936961,2.516889695641051,1.2556160374777743,4.570475216191205,5.592292098622838,6.143262461351643,3.5210523434704344,2.7047112998366956,0.3220834991691132,0.4762341789963717,3.674526947889536,0.3148107398400336,0.6446340645026416,3.111735949310297,0.8960880245566357,-2.3025850929940455,1.0224509277025455,4.86845710160515,1.0331844833456545,3.0726933146901194,4.681853410759049,-0.7985076962177716,4.97348709846075,6.394760637931307,5.240741218410441,0.688134638736401,3.435276695315018,2.962692419475791,5.502237322894487,6.782441458010102,3.8079949350040985,4.341725337900356,0.9932517730102834,0.20701416938432612,3.4925603876761278,5.230199112471746,4.872368899498472,3.495294705041271,3.1608228934195837,1.095273387402595,5.01529110563245,4.068171687918078,2.7363136663750693,3.126321843257593,5.389893310035246,1.4422019930581866,-1.6094379124341003,0.6418538861723947,2.4832385926873033,10.50526149336307,5.785301015828456,4.353755752706852,6.07504713584924,4.0267792427263345,1.843719208158766,2.6823904543216326,4.9482633132034195,2.8604851241459652,5.434507720998302,5.820854146242039,2.256541154492639,-2.6512559731909344,1.8976198599275322,1.7119945007591924,1.0043016091968684,-1.4699117851905474,-0.5108256237659907,2.589266665112243,-0.916290731874155,-4.605170185988091,2.915064370486536,0.5007752879124892,3.0978374964911444,-1.0498221244986778,1.8764069432883397,-4.165332400617213,-2.3025850929940455,-1.7719568419318752,1.324418957401803,0.9969486348916096,0.6931471805599453,-2.5257286443082556,-0.6931471805599453,-1.2378743560016174,0.09531017980432493,-0.10536051565782628,-0.2876820724517809,1.3686394258811698,-1.6094379124341003,-0.2484613592984996,0.6931471805599453,-2.120263536200091,0.22314355131420976,0.058268908123975824,2.2004000801828623,-3.481036981128122,0.13600597179475724,1.8310738955829646,0.2883375726443625,-3.341574745086379,-1.8363689688376164,-4.942109398957728,-4.429564543464105,-0.7868103477084545,6.59468036511069,-1.0444820195265152,4.97185838448567,1.4820514078389286,2.974492838320133,-0.8820445240783169,-1.162601307718583,3.760013427003833,0.16927823139348067,-3.505779113757341,9.631447737658204,-0.5938349241456894,-5.245661331162201,-4.605170185988091,-8.651342024691395,-3.138183091721054
4.946772100429302,7.121147439653263,6.677524170166032,4.115779842942166,0.14842000511827322,-0.10536051565782628,-2.5257286443082556,3.9371057857956093,5.510885191490062,4.609460967405248,4.560172820057356,3.6171148878846253,3.096482176654134,3.239462458476589,3.415757532993485,2.4612967841488667,1.891604804197771,0.17395330712343798,4.000583182407627,2.0906287310704004,3.9373008126124147,3.8318969609488613,2.800933195248924,3.2204745462318978,3.833628938000134,2.028148247292285,3.3847291889548483,3.3523572162426816,2.0425181875752383,3.9952606039982017,-0.040821994520255166,2.9871959425317045,3.934957976710642,3.0017143452315387,3.627269972482245,3.2962071678045244,2.6864860231863696,1.860974538249528,5.1216995126707605,3.49620448524049,5.375000591318995,1.423108334242607,1.8656293177945105,6.208851561309812,4.717873675901176,1.3635373739972745,2.6858045921548905,5.590464455958976,2.428336298299606,0.22314355131420976,2.8633430855082453,3.6087534096346516,4.8706833336688105,3.664586761544892,1.7404661748405046,4.0928434360958335,2.151762203259462,1.6639260977181702,9.561644217355274,4.870606649492553,4.856784569277996,2.702702594775615,3.4722769633431074,4.2708157053378795,0.4885800148186709,8.465984104009495,2.3832429960115,2.390595970316759,3.2308043957334744,-Inf,-1.1394342831883648,1.556037135706985,0.9820784724121582,4.467974946810247,1.2556160374777743,3.5967641652061304,6.1570425428877815,6.834926488326795,3.803992261214441,3.0170044088295307,2.6858045921548905,0.8372475245337022,4.184032908485631,0.6780335427498971,-1.6094379124341003,2.9967317738870745,2.0255131996542803,-2.3025850929940455,1.8779371654691073,4.917935038807335,3.9824814690767076,4.309590341409169,5.307623925868336,-0.40047756659712525,4.974178757085641,6.417499961627506,4.998832581977104,-1.3093333199837622,3.8188106237059674,3.084200921541599,5.621270053081737,6.855661664423818,4.826391891739602,4.641116312761561,2.1377104498038118,1.8421356765531218,4.565077092421647,5.283000662436144,5.751524470641622,3.68034312309165,5.0944861262662,1.2781522025001875,5.4115567621545475,5.608885542786519,2.135349173618132,3.410487428569248,5.449621140639202,2.3398808777377424,-1.8325814637483102,0.6418538861723947,2.706048198431537,10.651830764388945,6.148489663210732,4.15512603448196,6.07805500218908,4.705829669087269,2.157559320943788,3.251536607107749,5.418364503857487,2.403334996094189,5.535876512096556,5.339603253453579,2.9269179575536315,-0.2904879924879689,1.8976198599275322,1.9615022438151495,1.0043016091968684,0.5007752879124892,0.5007752879124892,4.141546163706395,-0.5108256237659907,1.3987168811184478,2.7006898466959175,0.6981347220709843,3.4685444551217657,-1.0498221244986778,3.5225296668296804,-3.8123740271949087,-0.7985076962177716,-0.8209805520698302,2.821973947420524,2.5478814489493886,1.3812818192963463,3.0473755067058295,-0.6733445532637656,-1.2378743560016174,-2.995732273553991,-0.07257069283483537,-0.2876820724517809,1.3686394258811698,-1.6094379124341003,-0.2484613592984996,0.6931471805599453,0.3364722366212129,0.22314355131420976,0.058268908123975824,0.6931471805599453,-3.912023005428146,-0.35667494393873245,1.3937663759585917,-0.2231435513142097,-3.912023005428146,-1.8325814637483102,-1.6094379124341003,-2.8616625991790587,-1.630619306442569,4.3284608144624475,-0.2883034095965431,4.586586322150334,2.5932521769620314,3.4232835056755855,-0.8917634694306922,-1.1710535265263224,3.3396650109690187,0.13540369417301001,-2.807666710971402,4.774982245474309,-0.3008457940616972,-3.7144251961843704,-4.605170185988091,-8.077534491865869,-2.732443468897176
7.134508308286011,7.539308930987075,7.275179244636549,5.55338585064662,2.0028304393079956,-0.2484613592984996,-2.5257286443082556,3.9351534228170006,5.976071682500501,4.879767018891217,4.69024635834321,4.362588940781406,3.572345637857985,3.7702289998102594,3.7984062786411785,2.668616131856803,1.9768549529047348,0.17395330712343798,4.248066578757805,3.734569580031052,4.018003328965378,4.080076590424396,2.9183111265854063,3.3386125064705343,4.009694032601592,2.028148247292285,3.393837027255863,4.260282639765531,1.9878743481543455,4.330864910577949,0.14842000511827322,3.472587377748828,4.752727750345706,2.717340248009303,4.648229675448539,3.3894621254437345,3.5333945512735414,1.979621206397625,6.554460330702629,4.901787222497451,6.446227626937433,1.47932922708708,1.8794650496471605,6.35410913719975,4.708809220747577,1.2725655957915476,2.9274534328006965,6.062295727868573,5.057455264740146,0.22314355131420976,4.034417613641752,4.012953724006587,5.244652841962344,3.8954870367880465,1.9125010869241836,4.197051560414364,4.22829253473184,-0.10536051565782628,9.729769677696336,4.920783523368564,5.020189506901067,3.0349529867072724,4.178685710655851,4.968979618827423,0.7466879474879751,8.798838076671638,4.039536325727106,2.321406847234633,3.3751955791231545,-Inf,1.3962446919730587,1.556037135706985,3.525772116243786,4.5944125293351314,1.2556160374777743,3.6041382256588457,6.739821716782863,7.259474965888681,4.842689903246808,4.932745822101549,2.97756830292632,-0.5621189181535413,4.288814252951703,0.6259384308664954,0.5364933705145685,4.989956282887855,2.1838015570040787,1.62924053973028,2.6034301519721073,4.961795128676782,4.358885942232239,4.845210184962031,6.856788247154642,-0.2613647641344075,5.456645024927341,6.81418059233798,6.973720906319068,-0.2876820724517809,4.20663103795066,3.762129915853529,6.413344196484241,7.101791286222519,4.939855112035208,5.124618527044968,3.683615624438837,-0.6733445532637656,5.711155228985614,5.615424737184461,6.383793755823006,3.768152635008444,5.567466255618654,2.1587147225743437,6.324842716321245,6.001489132629946,2.046401687601636,4.595018834931716,5.936533063581764,2.4840729690394228,0.35065687161316933,1.4770487243883548,3.42816382989197,11.138687475427574,7.275123841823457,4.674976060232054,3.1112906141882632,4.806885789888681,2.386006701133118,4.788657729422015,6.52132779975111,2.4807312783775197,5.983911091453068,4.6619285198067,3.109953417644014,-0.6931471805599453,1.8976198599275322,1.9615022438151495,1.0043016091968684,0.5007752879124892,1.536867219599265,4.180522258463153,0.47000362924573563,1.3987168811184478,3.474447843401748,0.883767540168595,3.7595708822364693,-0.9675840262617056,3.615501984309161,-3.9841229356590997,-0.7985076962177716,-0.8209805520698302,1.713797927758343,2.604909442182697,1.3812818192963463,3.136797713832594,-0.6733445532637656,-1.2378743560016174,-2.995732273553991,-0.06187540371808753,2.0592388343623163,1.3686394258811698,-1.6094379124341003,-0.2484613592984996,0.6931471805599453,0.3364722366212129,0.22314355131420976,0.3074846997479607,3.5879535355239756,-3.912023005428146,-0.35667494393873245,2.018895041811802,-0.2231435513142097,-3.912023005428146,1.3217558399823195,-1.8971199848858813,-1.1394342831883648,-1.2729656758128873,4.2049910823091645,0.6931471805599453,4.163334937556642,2.1374056398729158,3.4924602886633473,-0.9554186071076414,-1.0391403976607863,3.321487307541393,0.05498892645542588,-2.8561430438387494,6.118471633062759,0.30488159664134334,-5.092847563880873,-4.605170185988091,-9.749114261966342,-2.4950080278003304
7.1455351942293355,7.779006803046013,8.118293483822232,5.6696395145335,1.9810014688665833,-0.2484613592984996,-2.5257286443082556,4.243482700225814,6.232094319429467,4.877865516131549,4.839846973115974,4.232511029605105,3.973118104787957,4.178379291165174,3.7042605561522386,3.1406980438041767,1.9065751436566365,0.17395330712343798,4.568194949863196,4.060787778693258,4.478926459413841,4.094511215001422,3.012589390620414,3.052112606990099,4.36131359307634,2.1065702090680887,3.620600613360642,4.401584133889412,3.004692014925463,4.987161937910614,1.8855533485144158,3.432372999130605,5.438383610444878,3.2092294478163956,4.898884030671591,3.3343450746743146,3.7612001156935624,2.9932291433358724,8.022444308194597,4.916324614625014,6.679486114125384,2.3617969526258915,1.8870696490323797,6.2695696564961665,5.24818129705424,1.2725655957915476,2.4832385926873033,6.4790164262142556,5.1553703572281036,0.22314355131420976,-0.5108256237659907,4.2103482379784065,5.380127741745603,4.484131857611035,2.6181254935742233,4.277360322445531,4.241326752570746,0.830159297427002,9.919727468356916,5.269609202411293,5.153753915356684,3.480932349681009,4.215086179918229,5.049599564114397,0.7466879474879751,9.256969154423023,4.061993532004442,2.254444717666111,4.6799993266087405,-Inf,1.3962446919730587,1.556037135706985,3.505557396986398,4.699843799590773,1.2556160374777743,3.6396892099231644,6.739928168338635,7.516585630812605,5.1187719527008335,5.457114378295034,3.4790839203192268,-0.5621189181535413,4.450385972187225,1.5706970841176697,0.5364933705145685,5.05999672363398,2.187174241482718,1.62924053973028,2.767576180416237,4.976802705559804,4.485823428355525,4.894850261102546,6.730612290228612,4.742232836376431,5.929562547291541,7.352940975285234,7.191421799887546,-0.13926206733350766,4.776009405673012,4.462799844696365,7.245869024732605,6.745636269505689,4.989139233751369,5.967837616476825,3.9078141606540915,1.085189268335969,5.720934533473766,5.88943182154283,6.797449220931297,3.874113432354926,6.214027930157126,2.1598687907924505,6.233802697769582,6.430815651215283,2.8201877010390604,5.425698635875129,6.080299260808473,3.1072736482868986,4.478812997111569,1.873339456220478,4.35208275830081,11.660010786691299,8.112158990454253,4.945492145764051,3.0344721018699214,4.546163005408059,2.28949985344539,5.402767467904501,6.297716870144554,2.334083760053417,6.257150212687861,0.371563556432483,3.4210000089583352,2.1400661634962708,1.8976198599275322,1.9615022438151495,1.0043016091968684,0.5007752879124892,1.6351056591826783,4.323072491830211,0.47000362924573563,1.3987168811184478,3.7773481021015445,1.1786549963416462,4.187531276948218,0.5187937934151675,2.6546494243750947,-4.1263295402033355,-0.7985076962177716,-0.8209805520698302,1.4770487243883548,3.233173129569025,1.3812818192963463,3.3541057741283047,-0.6733445532637656,0.8712933659434193,-2.995732273553991,1.2781522025001875,2.0592388343623163,1.3686394258811698,-1.6094379124341003,-0.2484613592984996,0.6931471805599453,0.3364722366212129,0.22314355131420976,0.3074846997479607,3.78781940196884,-2.5257286443082556,-0.35667494393873245,2.0347056478384444,-0.2231435513142097,0.7701082216960737,1.3480731482996928,-2.4079456086518722,-1.1394342831883648,-1.2729656758128873,4.810801285551003,0.6931471805599453,1.5644405465033646,-2.8134107167600364,3.0112460858876964,-0.7717878799616418,-1.2386242472435023,4.001944072380283,-0.5347697221491294,-2.4467732950105767,5.873024551802979,-0.376123091336753,-4.156849989907928,-4.605170185988091,-6.989931357599593,-1.7654561904580934
7.420782477502968,8.113252920153238,8.676433752933379,5.752921784216493,1.9810014688665833,0.8754687373538999,-2.5257286443082556,4.541697763032518,6.621751796908911,5.652734764145549,5.647000460557217,5.275764962077525,3.9891692146047997,4.781222129768451,4.119037174812473,3.497113438491982,2.2617630984737906,0.17395330712343798,4.862289952857232,5.220572017923184,4.605670061029742,4.602667055769973,3.2208738275308737,3.6283329542459026,4.790487251761845,2.1186622548331173,4.03229183781909,3.7539647007698704,3.3603753871419,5.279236478735244,2.6769034721053733,3.8004208288468435,5.492402790262234,3.443298557680791,5.985018817957919,3.887320392787774,4.316954637930166,3.8325468039263493,7.743642571460224,5.216022123821206,6.9333840386159515,3.2607852279454104,1.9459101490553132,6.334859197015177,5.641162112674534,0.8197798314933114,4.0700518696530565,6.7381169489405215,5.130194529153895,0.22314355131420976,0.47000362924573563,4.395559648956466,5.8885732027583435,4.669083511731744,3.0204248861443626,4.44640889360315,5.008031908226141,-2.9187941421742982,9.516137619365145,5.650873841223021,5.158480421360237,3.136797713832594,4.231203744939298,5.6056549966582585,1.9671123567059163,9.619843317037398,4.189957726425047,2.4849066497880004,4.671145174911624,-Inf,0.4382549309311553,0.8372475245337022,4.041471072615033,4.789988622980633,1.7783364488959144,3.708436953329467,6.9867882462701605,7.705429127645646,5.39829843891135,5.81672418033434,3.8987351111012107,-0.616186139423817,4.536248740521669,1.6154199841116479,1.6134299337036377,4.717516245819629,3.4111477125153233,2.2364452904895007,3.0344721018699214,5.3241313014410165,4.578928874782864,5.255827314927084,6.935642782469028,5.200263426072649,6.087433600716374,7.516014281514922,7.284882639058546,-0.13926206733350766,5.566510762415955,4.959973379294028,7.323969079036412,7.1048012311744735,5.647987836333886,6.450881080308619,3.591266625246936,1.7715567619105355,6.283518299825399,6.173556910972577,7.12420447300362,4.09933210373314,6.8350555455638595,2.6483001966964363,6.540827958579054,6.5665177061604565,2.7606426512213806,5.092461026620419,6.104525339391996,5.956277687018599,5.337393838529829,2.854744580253014,4.445236148071766,12.010659405397805,8.488242124466185,5.005957704545144,3.1170645587215158,5.38357721049886,2.4309783077624445,5.39938367528284,6.683436036814205,2.355177543113216,6.590987625635259,5.170143027824529,3.4965075614664802,2.1424163408412245,1.8976198599275322,1.9615022438151495,2.0476928433652555,1.534714366238164,1.6174060820832772,4.746409297680816,1.9501867058225735,1.3987168811184478,3.936325297951111,1.791759469228055,4.321878461837604,0.5187937934151675,2.075684492802124,-4.179554146432474,2.0082140323914683,0.45107561936021673,2.138889000323256,4.338205355125032,2.8160073426073025,4.019082077721554,1.4701758451005926,1.501852701754163,-2.995732273553991,2.201659174404085,2.0918640616783932,1.3686394258811698,-1.6094379124341003,-0.2484613592984996,0.6931471805599453,1.6094379124341003,0.27763173659827955,0.3074846997479607,4.392719264212625,-2.5257286443082556,-0.35667494393873245,2.0347056478384444,-0.2231435513142097,0.7701082216960737,2.5610957881455465,-2.0402208285265546,-1.1394342831883648,-1.0216512475319814,7.817778410419288,0.9858167945227654,2.4203681286504293,-2.120263536200091,3.295836866004329,0.6931471805599453,-1.046666677406102,3.0350508493431976,-0.39207532142751916,-1.5672983734401449,4.4566140809448935,0.27770697638767444,-2.3147673770291197,-4.605170185988091,-5.255635871186469,-1.9672417627645056
7.864266224342657,8.491668182480133,8.97052740472859,5.778456952981663,1.9810014688665833,4.618382517460226,-2.5257286443082556,5.069595786919765,6.842960725070973,5.819251724462315,5.908245968357049,5.862977552942433,3.671987586443718,5.184700639761069,4.457250055911469,4.062337766087015,2.5289235352047745,0.17395330712343798,4.915665056505029,5.308267697401205,4.831030044796529,4.90186155259746,4.087823345231835,3.49620448524049,5.400783698092527,2.1838015570040787,4.402686737370185,3.4716558453107167,3.728821061206884,5.4375139317363255,3.4781584227982836,3.8663978274018707,5.646471107943087,3.82602929226117,6.447179071619273,4.02266952551521,4.32068300443283,3.85248529271195,8.331581427823346,5.938485622317096,7.099077871306511,3.8073289343134804,2.963209081848431,6.418952039250639,5.728507607043001,0.9282193027394288,4.733387483788845,6.8498401082857,5.389026066673499,0.22314355131420976,0.47000362924573563,5.4662864171175904,6.8283332120046465,4.864298451021812,3.134189016701007,4.233816607508695,5.210414683372125,3.4996824007452587,9.755930834678155,6.483856306394424,5.0295878870129425,3.588782837575651,4.367420482284519,6.031934479661695,2.0162354657760435,10.053748964671662,4.696654876110269,2.5160822672564502,4.940999358745194,-Inf,0.6981347220709843,2.9231615807191558,4.615219521841093,4.943854260405905,1.7884205679625405,3.74879794432518,7.3147458895861295,7.932921940200399,5.495609634271813,6.18766846316624,3.9575698203841165,-0.616186139423817,4.827913657280962,0.9783261227936078,3.0619880693310564,7.299202595322098,4.06971028126374,2.2844211223663744,3.1041381473977774,5.512460535664947,6.1435416499883315,5.4107527958778245,7.214026006870228,5.12746973182771,6.638947298295653,7.709438428108468,7.510983222458651,-0.13926206733350766,5.481055503227208,5.9593028602995854,7.371828860197072,6.457162043256225,5.977162762397122,7.029769351166337,4.344454561766125,3.9292733588346738,6.740223807660818,6.563573399290871,7.269282431891789,4.213312081286144,7.573916594457096,2.768831673362069,7.008170587232824,6.634055004050775,4.286891439558843,5.255566429480404,6.984716320118266,6.000498616737853,6.489934148664388,3.821222641101649,4.418840607796598,12.201339310955813,8.710965602879215,5.2185162963444816,6.180947896929556,6.572506293883619,3.0851158346886765,6.173369350405594,7.047899756876905,2.5360749363624,6.8942646887996375,5.8655327755013085,3.674526947889536,2.199444334074532,1.8976198599275322,1.9615022438151495,2.552565298261815,1.873339456220478,1.5216989981260935,4.911772143292383,2.523325759691945,1.3962446919730587,3.7252113833613265,1.355835153635182,4.868841288478369,1.4422019930581866,3.0497468618602293,-3.807715743418232,2.0082140323914683,0.6981347220709843,2.8100049236252036,4.382026634673881,3.8403121578741457,4.172076910762453,1.4883995840570443,3.165896900077314,-2.4260659178099915,3.305053521109253,2.0955609235597192,1.3686394258811698,-1.6094379124341003,-0.2484613592984996,0.6931471805599453,1.6094379124341003,0.27763173659827955,0.3074846997479607,4.297557478047431,-1.7150303652479768,1.423108334242607,2.67552700939665,-0.2231435513142097,1.4747630091074988,4.995589335890984,2.900871992530031,-1.1394342831883648,1.3635373739972745,8.663326100364198,1.5769147207285403,3.6653549090669792,-2.120263536200091,3.295836866004329,0.7323678937132266,-1.171182981502945,3.673113364883229,-0.2461084979169662,-1.9692078115598672,4.871880257441254,0.15189301011434625,-2.412388637663302,-4.605170185988091,-4.900113952735737,-1.2434315736919543
8.223509143088823,9.104205111836896,9.309393538059341,5.833406242449707,1.472472057360943,5.437165848366845,-2.5257286443082556,5.22283922537208,6.965505184523041,5.999358309227082,6.056292088975038,5.992938460363982,3.6896291730044823,5.300215563831117,4.591882291661156,4.206928922969246,2.6609585935683597,0.17395330712343798,5.126520233210295,5.598977360290075,4.844974178195408,6.356871257970161,4.119687369893896,3.545874759696932,5.732790963690908,2.187174241482718,4.742668699173725,4.2162671661789055,4.069368576151923,5.535876512096556,3.4035279970004377,5.0755487449389,6.406780971266521,4.31361395198771,6.56422217299034,4.494015136621929,4.585681509404229,4.097838451476356,8.308871747921337,6.062784708354025,7.25531581258877,3.8110970868381857,3.169685580677429,7.330169273134941,6.008985160825971,1.8389610707123492,4.837947186270539,7.089943493553079,6.004504160615785,1.5769147207285403,0.47000362924573563,5.801453501829647,6.977085426918325,4.556400021618662,4.091005660956586,4.986137662495856,4.9062372780499945,1.3250241559754303,9.98471355983444,6.687407814969928,5.57549445435467,3.5890591188317256,4.367420482284519,6.2166061010848646,2.0980179272527715,10.28402486206653,4.584355046274172,3.4031953843248286,5.0551624161463335,-Inf,3.2003044392827653,4.2844138058068815,4.945207488773801,5.3045976045051875,1.7934247485471162,3.894469846180557,7.783823836408005,8.233141853198143,8.222524099829657,6.499305721833013,4.2021520815229785,-0.616186139423817,4.834931789603877,1.2149127443642704,3.5004392163118045,7.3338200822643795,4.521136190378082,3.2495989975110415,3.377246160839642,5.964375941417249,6.164051374805039,6.107223313090051,7.836203804459884,6.1423169364074495,7.068597804098967,7.892037314274689,7.679246802733865,0.01980262729617973,5.74495640723899,6.203081926583569,7.958034798859598,7.366874891625794,6.263493496152003,7.471613483699497,4.868918108144241,4.531092982591776,7.151642191434247,6.681632293558927,7.542542147240872,4.339640918177444,7.687777160525306,3.2108436531709366,7.219803081335671,6.78348373843255,5.091170188318427,5.378698478494849,7.175688622685185,6.007534727285477,5.622138485615691,4.191622501686571,5.052864298313966,12.474260382159075,9.268863021489995,5.254626677923303,6.406731460188406,7.209014759847605,3.1730412885244013,6.488262237889329,7.431246356198927,2.550226115908643,7.162908994425762,6.622523535354506,4.112020747235043,2.2607208888953467,1.8976198599275322,1.9615022438151495,2.991724252156452,1.9740810260220096,1.5216989981260935,4.958639998977875,2.8975680247667595,1.3962446919730587,3.955657042448207,1.1410330045520618,4.694553747122777,1.5325568680981427,3.380314170745731,-3.6890834041310576,2.0082140323914683,0.6981347220709843,2.696652156149841,4.683241721408247,3.9322177127136655,4.1944915108270395,1.4883995840570443,3.3697067145707846,-0.6701840184011825,3.4339872044851463,2.1016921506146558,1.3686394258811698,-1.6094379124341003,-0.2484613592984996,0.6931471805599453,1.6094379124341003,0.27763173659827955,4.509760001183433,4.676280813446044,-2.1257007697514836,2.0980179272527715,2.6769034721053733,-0.10536051565782628,3.6653549090669792,5.115535703921625,3.3792925462741055,-1.1394342831883648,1.3635373739972745,8.865307396571378,1.6193882432872684,3.798854307322508,-2.120263536200091,3.295836866004329,0.7371640659767196,-1.171182981502945,-2.995732273553991,-1.7427366778736588,-1.0324659836272392,1.7281992783222089,0.3919839303804825,-1.2394314956906214,-4.605170185988091,-4.46394152089741,-0.42158082528080565
8.527286086364088,9.745650001209738,9.537703388197347,5.90121155813042,2.050270164379556,5.583533902060025,-2.5257286443082556,5.61258051122973,7.174211161352882,6.12946406776475,6.407787165216928,7.126971126958367,3.8628327612373745,5.394309132201763,6.002997782921655,4.588837531367194,4.642273273939594,0.17395330712343798,5.458180271934504,6.225092939864466,4.8556954140435185,6.773846672364218,4.375757021660286,3.68987895444702,5.99826636222691,2.211565694606877,5.03935231819375,4.177306082936448,4.15166962884137,5.615133393724881,3.8979240810486444,5.353893974436778,6.552222539622182,4.664853188149265,6.877801098588951,4.556190003766373,5.819815832370331,4.548917244437293,8.471163912493243,4.830950258623431,7.575517982668805,4.627127353340134,4.346269914961763,7.120120957124469,6.293049524728755,1.7387102481382397,4.9494688588587685,7.59995701274808,6.799267656797046,1.6937790608678513,-0.5108256237659907,5.281272931938778,7.278980847268579,6.010359900210274,5.846872207124035,4.910372872157861,5.023090735363602,0.3969295435641138,10.311349785244014,6.623892570133132,5.909386436072375,3.5890591188317256,3.820126990723609,7.6220571136144795,2.8707357833793057,10.33692282302472,4.838501663689791,3.455685566946225,5.266671888712491,-Inf,4.375253750386452,4.842137743895371,5.441074817902994,5.33806678606532,1.803358605071407,3.974809993526911,8.040559632678393,8.49463874132637,8.281665775606337,7.010239662534462,5.31049294247817,-0.616186139423817,5.081963215009874,1.2149127443642704,3.6983346128846915,7.7866224019434345,4.618283825133474,4.454463568563388,3.500741011998417,6.080505113898711,6.229319355287885,6.3525074376634,9.097649723080652,6.1794782064384535,7.1980190160681286,7.982508524211224,7.711374389635395,1.916922612182061,6.045858030938314,6.385430458823126,8.740559118003233,8.033301568890328,6.49555252382123,7.748321964326772,5.39662305533216,4.416911036527384,7.564155484174966,6.933549723357253,7.990925618760812,4.764308407326388,8.037129529300287,3.5139306516493947,7.390125871127608,7.094948284313113,5.185036680089071,6.165669923299679,7.662434904456521,6.219615540232731,5.6621615499651,4.194943760778217,4.984838739052246,12.632556797662362,9.424106492298755,5.399519247057004,6.6258166811574215,7.635526083793937,3.6496187401606335,7.063989501012773,8.038524932449302,3.11529150861163,7.3804926680989285,8.12340958808191,5.141137102160414,2.2607208888953467,1.8976198599275322,1.9615022438151495,3.1488824530476656,2.163323025660538,2.451005098112319,6.22436038986487,2.8898160479624417,1.5129270120532565,4.055430468722875,1.3737155789130306,5.182232887527235,1.7884205679625405,3.507057772361633,-3.912023005428146,2.0082140323914683,1.1019400787607843,2.671386216730619,5.268476524537015,3.9322177127136655,5.051073214869631,1.4883995840570443,4.349890764643811,-0.7504287046373225,3.5272424885128144,2.155244505095337,1.9416152247724325,-1.3470736479666092,0.7466879474879751,0.6931471805599453,1.6094379124341003,0.27763173659827955,4.553350437258295,4.761062205945065,-1.3553758969334984,2.0980179272527715,2.6769034721053733,0.08617769624105241,4.316554344376219,5.237133213223039,4.907642343912507,-1.1394342831883648,1.3635373739972745,9.102520167094843,1.8671761085128091,3.8299448943925394,0.11332868530700327,3.295836866004329,0.7371640659767196,-0.9675840262617056,2.388762789235098,-2.120263536200091,-0.2682102771642185,2.182426845026328,0.8083614808227253,0.13065434257975006,-4.605170185988091,-4.671905373695106,-0.2598540664307152
8.731689866011726,9.994221824278558,9.767076589353545,6.045715961939898,2.1077860146889784,5.236867404231814,-2.5257286443082556,6.2947677223376814,7.311358655142353,6.236623960979831,6.648777274658712,7.399239049279381,3.9102213834815176,5.44198471636045,5.563945529468402,4.812915795122205,4.649665425874643,0.17395330712343798,5.824760401209104,6.7272400897235505,5.126817048385665,7.327011517439414,4.99991133073328,3.5553480614894135,6.455041318273362,2.211565694606877,5.2786247332023,4.689695141057779,4.294969802105708,5.656341400056065,5.536625354382018,5.757860222186865,6.744753880173583,4.684720464746101,6.995546351929859,4.634340563287871,6.230658597240884,5.856360489923138,8.38945072486528,5.488400391735755,7.671393541484384,4.421848128860553,4.6392817156168595,7.317902741074507,6.574322418773348,2.6290069937617573,5.950017357193809,7.6798615033408835,7.413487955682118,1.840549633397487,-0.5108256237659907,6.170948749081776,7.457943913468937,6.916506871833933,5.909956182550611,4.7125885827553615,5.416900082374984,1.7494705321247166,10.653110997658432,6.765938226313696,6.015840036249296,3.5890591188317256,4.717873675901176,7.767848076784409,3.255400599550573,10.43125819510979,5.187609244563615,3.6464937376174986,5.778426017651967,-Inf,4.339380059952409,5.009634793762673,5.752604384353485,5.549231714807603,1.81319474994812,4.435211888177536,8.288881307249218,8.933480857137916,8.400196346630805,8.068744378975861,5.321447783936891,-0.616186139423817,4.9776298924822715,1.2499017362143359,4.013134506796558,7.914877083511283,5.69218211658988,4.416065676897304,3.950859029213344,5.754824070703715,6.277301167760616,6.409763613196232,9.375676828514216,6.1891261744075,7.322886849273733,8.134215339056453,7.759225850061996,0.37843643572024505,6.37248326231122,6.540134937847323,8.847459065494302,7.58226994739408,6.786513769694357,7.9545723929558765,5.537413004076173,4.493008819099761,7.926934674002336,7.419488490765496,8.1178970162536,5.0668895956461295,8.18023123490181,4.32161292811326,7.548682420069458,7.465689654135022,5.67897735573723,6.3959458380934135,7.812956751670408,6.465071053191282,5.5342981666637385,4.2783313983351166,5.287357526311695,12.84024749161983,9.599045818269007,6.30829878573801,5.759091030415082,7.95549523727649,3.527830032595521,7.802609890135875,8.446051584478425,3.1540172525197043,7.6809697822972804,6.242203810012991,5.3395072933728995,2.2607208888953467,1.8976198599275322,1.9615022438151495,4.159039321153912,2.281361456542419,2.7232671669070703,6.544530359281712,3.4193646856176043,1.5129270120532565,4.685459017216894,1.6034198401085373,5.801362802995065,4.785740209743239,5.163241925350947,-3.2188758248682006,2.2027647577118348,1.3056264580524357,1.8578592709325787,5.77225076412962,4.100657924278693,4.778450998129897,1.9501867058225735,4.752727750345706,0.4594886290907131,3.750679855019383,2.1174596088673567,2.5241273629412815,0.7371640659767196,1.3532545070416904,0.6931471805599453,1.6094379124341003,2.0162354657760435,5.1431828695980455,4.761062205945065,-1.0498221244986778,2.134166441369082,2.6769034721053733,1.3506671834767394,4.378018613276343,8.470460010206034,5.855845262066538,-1.1394342831883648,1.3635373739972745,9.251843094748379,2.919930560137709,3.833845224364122,0,3.295836866004329,1.1817271953786161,-0.9675840262617056,3.27601201623901,-1.2378743560016174,-0.19845093872383832,1.4678743481123135,0.7747271675523681,0.5007752879124892,-4.605170185988091,-4.019517216464185,0.4133033773068939
8.960478031762054,10.54563008125778,10.080891202894465,6.131269966798858,2.4527277514237653,5.407530451521353,-2.5257286443082556,6.869440555296428,7.804483914630195,6.487851432171832,6.818508678467918,7.101708920005799,4.236567242612494,5.5688405639090215,5.338499156180869,4.911256850115977,4.6701148746284735,0.2151113796169455,6.0380379704075695,6.96289665997834,5.195232038464711,7.435780144174193,5.180884269655941,4.163404098153595,6.749591557664418,2.4042387467205457,5.436556410771803,4.690797271955528,4.707004491869359,5.865362630310336,5.5514856309679415,5.837322200579335,6.3625279784987825,4.614625344758847,7.681869355406736,4.74005066818191,6.482893261263241,6.8894283622892525,8.691821900656409,5.288670989496231,7.7506190375394475,4.867611370574077,4.739701078945697,7.465723996956517,6.785791014157531,2.67827804276854,6.14010004624713,7.728411378422905,7.490819700511887,1.840549633397487,-0.5108256237659907,5.322668457411868,7.949052670979263,6.850761557462016,6.304997098149872,4.13596623691292,5.5116933703031945,-0.1681588725119188,10.697310492398808,6.81122235192699,6.293807373583428,3.6635616461296463,4.542549824006424,7.821334337591326,5.350957253872216,10.80609327030131,5.277246935928745,4.011144096295953,5.520340290193543,-Inf,5.3067814449601665,5.137385412432552,6.2014620667521765,5.797121015086702,1.81319474994812,5.3382589736409845,8.663110066316392,9.07046087269148,9.041315619549469,8.341429286148802,5.491784908752245,-0.616186139423817,5.2542087269219735,1.6900958154515549,4.105778939847764,8.01066498716811,5.960128666798129,4.850388291620612,4.14962157771194,6.050982674632389,6.321397592603709,6.578820563738889,9.457563665187052,6.250920741080511,7.755103138119383,8.276582982303392,8.225990261346558,1.324418957401803,6.416029421184078,6.633239482795449,8.92811936074808,7.927169225621908,6.891818967843783,8.077844462506116,5.868929614049305,5.846178625614856,8.409828446409685,7.487526573121124,8.232828277771384,5.076672691357563,8.275266842602615,4.929714423172439,7.842687179606826,7.594597625782457,5.896906584317488,6.5916188608187625,8.032512783238438,6.781976613299544,6.10389997643777,4.242045918369452,5.9714914052750245,13.142008796265479,9.934983797111945,6.31909423191933,5.929163520910603,8.155979391006563,4.4618770161616155,8.133649053565955,8.823721551664379,3.4333418349887226,7.960550479507102,7.673892664369456,4.787325062224947,2.3125354238472138,1.8976198599275322,1.9754689512968577,4.24577726598231,2.5832425505088623,2.719978771967484,6.896451632810745,3.6908774567766094,1.5129270120532565,4.9954539721005915,1.1939224684724346,6.30195941762492,4.794550107149492,5.2455493010093805,-3.2188758248682006,2.7587433154177283,1.3297240096314962,2.6775909936175015,6.002923640196876,4.0444537926086355,4.884088972769716,1.9501867058225735,5.551097386990553,-0.27139993708527743,4.077367938014984,2.4740142086215764,2.5241273629412815,0.7466879474879751,1.3532545070416904,0.6931471805599453,1.6094379124341003,2.0162354657760435,4.674416358724906,4.761062205945065,-0.35667494393873245,1.1474024528375417,3.1642084235258925,6.932750284871436,5.238408113794128,8.560922954277563,6.3946270061534705,-1.1394342831883648,2.517696472610991,9.659297187747015,3.391483689474516,3.8693242508950307,0.009950330853168092,4.20200243692861,1.3812818192963463,-0.9675840262617056,2.9580304063699794,-2.659260036932778,-0.19845093872383832,2.172476407647025,1.1568811967920856,0.8628899551470398,-4.605170185988091,-2.3529372207632466,0.6120202438223097
9.049731382087877,10.616485153367798,10.253223225328036,7.555816177524537,2.719319793360441,5.7265545449983986,-2.5257286443082556,7.097317227431586,7.836587042350603,6.497001208940362,7.030087949337092,7.145424815472404,4.469465003822716,5.771690313263376,5.4451412709888345,4.858416081118745,4.7825629495452935,0.2151113796169455,5.947303651322212,7.1503013775711866,5.498888057009855,7.494941763812224,5.334359957894966,4.84245330085602,7.002192350465571,2.411439497906128,5.666392085437642,4.6612669253399615,4.816807797116099,5.851340039013816,5.553540811325658,5.727922088842681,6.999951524612858,4.661834033105633,8.083127971376085,5.051713255854102,6.5855093666247155,5.941328477614185,8.460193117980962,6.337604189131332,7.773493494656396,4.8364406245139095,5.075861079013963,7.5007284705715564,7.037791821726943,3.0368742168851663,6.582232873547175,7.757059696315357,7.575030651974512,1.840549633397487,-0.5108256237659907,5.430003307373411,7.721844943326192,6.962574848746244,6.317940558965774,4.792645108022841,5.545216506216643,2.7720627824353627,11.041385936835423,6.558892596847975,6.26294101521283,3.7386215460087504,4.731979032851787,7.9374782622287166,5.208009653516503,10.852674037106377,5.321252337830533,4.154184562578117,5.514718236994854,-Inf,5.792983120114503,5.463704678301283,6.252924556706396,5.863943626780142,2.0476928433652555,4.408790271943096,8.67961131583335,9.54821376937015,8.652344521233713,9.906838432063237,5.413029023679933,-0.06187540371808753,5.899349258200177,2.34660197841082,4.268577942166303,8.126210702067471,6.403822511473317,4.850388291620612,4.232656178019613,6.410191329199332,6.347581835585807,6.837300625326318,9.719111486683044,6.040088030720315,8.434428783273932,8.655061167455887,8.302992037418235,1.3532545070416904,6.437751649736401,6.5667427508187055,8.536105226174154,8.215558228546223,6.975965177358961,8.209542397875467,6.109092015108789,6.298250473358834,8.48502324309801,7.71037102559438,8.23219019370343,5.238726585134399,8.356726272750471,5.676514047502008,8.019020513773562,7.797451490785957,6.649644953671934,6.812444099177312,8.143261633479952,7.1920616601940015,4.890649834884672,4.297557478047431,6.782237406452367,13.395218938334054,10.3730195080613,6.116554157946804,5.961314570157099,7.989285835359713,5.759469436070455,8.234954941106606,9.002718237818721,3.482777368654578,8.123723845591842,7.958947464518428,4.584150818764016,2.451005098112319,1.8976198599275322,2.102913897864978,4.548282323781043,2.5152741864043966,2.719978771967484,6.992712046706971,4.101981989351312,1.5107219394949427,5.279644101282416,1.0612565021243408,6.2799275645428345,4.783148993347909,5.3021599742654875,-3.2188758248682006,4.607966273290093,1.3297240096314962,2.3978952727983707,6.04671002133396,3.8334126048462345,5.760351826144095,1.9387416595767009,6.165186735088474,0.09531017980432493,4.554613462370939,2.469793011977952,2.5241273629412815,0.7466879474879751,0.7466879474879751,0.6931471805599453,1.6094379124341003,2.0162354657760435,4.692723082995953,4.095177548525992,-0.35667494393873245,1.1474024528375417,3.1642084235258925,6.4046167006975425,5.419118066693741,8.152281561781122,6.876316210146757,-1.1394342831883648,2.5680215564985067,8.954141462587618,3.9078141606540915,3.8693242508950307,0.009950330853168092,4.234975691961846,2.05668455455722,-0.9675840262617056,3.582963228522387,-2.659260036932778,1.075002423028976,1.1340077959404165,1.3001916620664788,0.8628899551470398,-4.605170185988091,-1.8971199848858813,0
9.451401637999563,11.011719754439213,10.41482984280699,7.5336295366665835,3.54558628428746,6.304174541781235,-2.5257286443082556,7.650868123017599,7.844820714552688,6.789995993043727,7.601227406741022,7.398302682375488,4.62996035479531,6.081076705797669,5.466328685224197,4.775503503469979,5.936083963755176,1.3454723665996355,6.0348592294271715,7.579816709395756,5.548414387422504,7.516977224604321,5.904653150121018,5.19106617580106,7.005516996764633,1.891604804197771,5.694741730004052,5.352426692195069,4.492673154760945,5.695851104329921,5.557021093260797,5.768352245305501,7.070044182025856,5.264553736395228,8.164789114328151,5.091908014224992,6.662187166104226,6.11714961266022,8.779686678303383,6.263969527959916,7.8405805586953825,5.007898218386369,5.507970327679748,7.007003150438194,7.08337945832836,2.791165107812717,6.914204438376316,7.89624015280474,7.572328072604758,1.9021075263969205,5.078916801512661,5.594153603255688,7.993792160965116,7.073371407204387,5.8928865337468865,4.879006851617819,5.547830172882315,3.321793358874887,11.554153105205135,6.633028917690572,6.360611392542035,3.6768068728796672,4.82895353258964,7.916337092311682,5.418719192400332,11.393757733565032,6.00047384126557,3.3470931226689546,6.352228619155015,-Inf,6.273838808017752,5.112409386218662,6.299004392394223,5.772437511305612,2.151762203259462,5.421021606523488,8.967217302721565,9.471127239160309,8.540161391231882,9.932451031977145,5.428336347871771,-0.06187540371808753,5.969985515430857,5.097668893061198,4.474377895738068,8.175738965268573,6.3564721775848705,4.416065676897304,4.200354866721424,6.60186850187551,5.748437115196633,7.34912792542872,9.776341444806379,6.0879104453762345,8.494599873763493,8.822232255976092,8.467815954953585,3.620600613360642,6.5208420162684995,6.5777639955406135,8.600112373452447,8.35166739287414,7.12110704687387,8.382193292492525,6.933081836928146,6.3597468640884305,8.612528825442055,8.198078241740888,8.252860390651936,5.416855672471569,8.438240889034713,5.509590745291759,8.065896687662859,7.866066646718904,6.591550267597118,7.062217338897012,8.419245135473865,6.9673252271787645,5.517774130004251,5.316991906812845,6.963861472766009,13.568003730135114,10.417676713264171,3.6689318163042404,6.324018402605298,8.110970796638892,8.349928902843596,8.04146118630945,9.16382930868217,3.676047475298558,8.513913820151352,7.680863625429639,5.000584958242754,2.4932054526026954,1.8976198599275322,2.1329823086078656,4.591983624183916,2.519308076505333,2.7232671669070703,6.663017746855669,4.83150862819882,1.5107219394949427,5.240794180304371,4.474149923549687,6.310336372631051,3.872866290226952,4.4616461759020485,-1.4696759700589417,4.996806786159722,1.1019400787607843,2.333114298028869,5.98302906828688,3.5726264972896864,5.915339156718491,1.9837562915454279,6.210459504895859,0.09531017980432493,5.35517017814082,2.4840729690394228,2.727199019940971,0.7419373447293773,1.3532545070416904,0.6931471805599453,3.2906381910950917,2.0162354657760435,4.70093480797247,4.180675151973121,-0.35667494393873245,1.1474024528375417,3.1684242813721024,6.407968502331363,6.732437140900508,7.879280129983736,6.890324237252457,1.4883995840570443,2.817801065061329,9.079844367895182,4.414977734813568,3.8693242508950307,0.009950330853168092,4.250778348063927,2.1041341542702074,-0.9675840262617056,3.6117283949255214,-2.659260036932778,1.075002423028976,-1.6094379124341003,1.541159071680806,3.5773890780805733,-4.605170185988091,0.36464311358790924,1.922787731634459
9.299893804370086,11.118118423349888,10.49613204351615,7.650268648253709,2.972463646614637,6.441823349106455,-2.5257286443082556,7.8207597369684745,7.5140703392122905,6.7272400897235505,7.588607181447931,7.723190886220557,4.647942277831961,5.693294332541813,5.981338450808973,4.726059503263545,5.3778214676606355,1.6789639750827108,6.5153791354156905,7.362239096569835,5.954152012224002,7.466422045310404,6.050582151591071,5.715974515421563,7.341775449507575,1.8764069432883397,5.767164076821024,5.904680417023091,4.5976419195673,6.641573346484699,5.673735553303905,5.978531271696083,6.86783912406528,5.463196009730271,8.264649150328403,5.762711542185489,6.771832457741671,6.1747647914976245,8.919020852026154,6.500764006877926,7.959111306449915,5.367376902479531,5.44358585913928,7.091379903081672,7.1548497044521335,2.71336936257981,6.356003488603501,7.994106034692581,7.339238949488855,1.9021075263969205,5.079103583569675,5.882709387270944,8.072634937217767,6.939680211766511,5.880169791961964,4.74493212836325,4.706733501397532,0.14842000511827322,12.427944133314526,6.732723090074991,6.8001876628022035,3.7584055167625467,5.102241653521419,8.07316915112945,5.2916954902391495,11.712274109635487,6.268281557967968,3.331847303527362,6.782906086740448,-Inf,6.746987756052572,5.523299227135887,6.172180649182237,6.005170194164094,1.4678743481123135,5.432979369791433,9.406169958155573,9.537598539137276,8.648696113083933,9.827092351282415,5.105339229565553,0.01980262729617973,5.736798078440366,5.105824254432585,4.702569091975224,8.896645549268957,9.00106644125337,4.424247650107844,4.137563681342077,6.540495946075011,5.79258668799831,7.55160191515082,9.91927098623282,6.000523391596328,8.589110050548395,9.177847324444382,8.650996547055467,4.309052634715209,6.407754191299294,6.708816416364745,8.930818249724313,8.696756631433969,7.169642506608722,8.603137832979222,7.008043954575901,6.8418611727875085,8.80311621765298,8.499985993078516,8.195002486500794,5.7962704940913525,8.616953454894174,5.427677571853744,8.070073429723456,7.619856687833896,6.590781701894957,7.3877649305995465,8.58643328034244,7.171157466159909,5.836913787259384,5.39666837289499,6.8523165620859965,13.796598526142189,10.704773446984843,6.41763057174018,6.0267592945023205,8.195195688549337,8.3305479007422,8.46533727562905,9.26281926726115,4.165113633110308,8.51024053763623,9.058133967486741,5.054333149361975,2.4997952622817508,1.8976198599275322,2.25758772706331,4.6611723761033765,2.331172549845958,2.683074215032033,7.026480093248018,5.45043741460887,1.5107219394949427,5.216130695560089,4.76473475565943,6.342420669715754,5.205214748285712,4.595523808936286,-3.2188758248682006,5.160031833743694,0.6981347220709843,2.333114298028869,6.021629961439708,2.7800607370784824,6.024633330374457,1.5644405465033646,6.307023182386968,2.6390573296152584,5.361620750217275,3.6656108271745818,2.8408313123360287,0.7080357930536959,1.3532545070416904,0.6931471805599453,3.305053521109253,3.3998631586490187,6.577430110366187,4.105614154480332,0.2202779374851377,1.1474024528375417,3.221671912170202,6.432570249435962,7.015820134614041,7.6417804524943955,7.148715172508261,3.6750340472918834,2.7825390530929495,9.542241462524599,5.135916077189213,3.8299448943925394,-4.605170185988091,4.335851797553269,3.2588654730843594,-0.9675840262617056,3.8645120227570944,-2.659260036932778,1.075002423028976,-1.6094379124341003,1.144222799920162,4.2110900227464905,-4.605170185988091,1.5539252025038417,1.9726911717329554
9.435300064336205,11.231984483849526,10.555257319389604,7.620258908884308,2.740194654428777,6.527577728400722,-2.5257286443082556,7.859877585454402,7.631846515468786,6.984030900086429,7.8509449681649075,7.740312165976402,4.644294740672142,5.553579547743706,6.315086716988411,4.625658852415407,5.411378158832051,3.210440346047099,6.609945830672313,7.494135399608915,5.5555144579870985,7.476613933998737,6.213026848905861,6.090268616166562,7.4707254347301335,1.8764069432883397,5.562180507139264,6.0536878902881135,4.989207346682635,6.688795090192312,5.677096209393695,5.708670508728977,6.905412536903659,5.449363231421816,8.39941365575373,5.946179482892298,7.251465543480439,6.054791396968307,8.78441907819288,6.631210950940812,7.80526486407121,5.751460909972942,6.113483044961951,7.189221170955044,7.172232693789324,3.0694473113762717,6.682321607343044,8.16707385530497,7.367058108343252,1.7578579175523736,5.104064918886117,6.2267540369657475,8.246026578325433,7.123285925533127,5.649326288860142,5.0046842886028164,5.292601059551927,3.916413353729439,12.465446729359167,6.847474348097207,7.0093025228558,3.778263015248622,4.599152113662528,8.160869614312377,5.60285655606624,11.779103850101473,6.419506209395052,2.217027204632399,6.880147671920587,-Inf,6.1347637044165335,5.142189733836557,5.788154259875543,6.26097628434972,1.4678743481123135,5.507483689931387,9.524319419209066,9.561575901997658,8.794642326718158,9.874521559548452,5.632035814972629,2.4595888418037104,5.719065098187358,5.440207477547653,4.662778498608405,8.838814264842465,8.517267188678373,4.598044861045503,4.505128831807865,6.966156253856614,5.770474924423112,7.671057988214485,9.897631952892452,6.002503394223198,8.769671830629417,9.089954462427446,8.353925746556603,4.2761104090823325,6.338611745891631,6.721449796885873,8.901241249749264,8.811370876369649,7.239272402137945,8.69511843189109,6.077596370737269,6.995619625423205,9.025186006566008,9.034466782289787,8.121204044239876,6.768757544525708,8.451066209342331,5.938037398725121,8.157807380363844,7.861172224383526,6.1504535035754895,7.572929848633658,8.69059092427048,7.458001595904076,5.742778803662883,5.395670911803947,8.213349216180573,13.9111761992188,10.82165311825246,6.434546518787453,6.394493356515796,8.081564708349267,8.438145655062085,8.447370840363353,9.458081668258242,4.95568620261124,8.631491543806622,9.026215590349121,5.1591702351378785,2.494031557565001,1.8976198599275322,2.188295946591918,4.8556954140435185,2.5273273656719524,2.683074215032033,6.678467892907438,5.184532577241416,1.6956156086751528,5.1243210585000725,5.3019607214628355,6.460999316456092,5.490877991384453,5.015158382823841,-3.2188758248682006,5.116075806554253,0.7975071958841882,-0.13926206733350766,6.384502760208019,4.478812997111569,5.86220971125072,1.8594181177018698,6.222139664837538,2.689886230474539,5.791610185021721,4.235265253278478,2.556451816951096,3.591817741270805,1.3532545070416904,0.6931471805599453,3.6911269266544156,3.9041924263129575,6.739845373663468,4.331391018705302,0.519026401632881,1.1474024528375417,3.173459961337718,6.456910932876199,7.079521321836575,7.599751797784687,7.2090221586778505,4.140910031369422,1.4678743481123135,9.64138875282975,5.60363059270576,-0.1743533871447778,-4.605170185988091,4.177612831405111,3.7534960971999087,-0.9675840262617056,3.574870537502069,-2.659260036932778,1.075002423028976,-1.6094379124341003,1.184789984909162,4.314416735011824,-4.605170185988091,1.5539252025038417,3.132446096869813
9.55332482789922,11.261864513847415,10.547139367556683,7.561828935555944,2.7120422223717475,6.5276801012573795,-2.5257286443082556,7.8078076887324785,7.481752640262364,6.9900723214713505,7.847321033775192,7.969264344365402,4.515683019486556,5.227250918114176,6.001736608378586,4.616703421801764,5.408471375039929,2.631888840136646,6.6375930996513,7.512775915530235,5.530262073815315,7.4795706343744515,5.716698699922747,6.335656906744333,7.3927891363094265,1.780024213009634,5.121878472912238,5.701880667366605,5.1210430509755955,5.609150498153351,5.084195497204284,5.720311776607412,7.163698975646706,5.200704537681037,8.629914549480237,5.714689443494875,7.044687133477281,5.8960268591748415,8.723649590509778,6.863500315226964,7.693482597990597,5.4563462307729464,6.025986739479709,7.092651518434273,7.197090983430574,3.6005945392463645,6.507188156136165,7.959901201369853,7.500203285155217,1.6937790608678513,5.087719784402346,6.309900096243044,8.39723311912609,6.47345850420527,5.727173427446777,4.770684624465665,5.264967386866482,2.7485521444115397,12.528681575747989,7.243470085968791,7.057105702807688,3.766071949943842,4.888015580548345,8.14069447710067,5.4353364202061245,11.862728698405586,7.0663731090768565,2.0541237336955462,6.979154586012427,-Inf,6.1988445032427135,5.05503488139294,6.154751931268826,6.320030612158098,2.8154087194227095,5.686466752446513,9.563388374061901,9.457510625559985,8.691875674480052,10.079741572333813,5.66118807702378,2.453587966530573,6.059753837806675,5.435118408040182,4.070222620101691,9.05703650017245,8.641680812138823,4.4157031610332655,5.062784888421012,7.0126286760169485,6.057626749361651,7.851727323561515,9.749397672228959,6.03772771157762,8.94058596756815,9.195397697205944,8.47595027498745,4.259011183777335,6.136170768107241,6.498417682460099,8.889326240829218,8.805884960137135,7.3460295645647,8.773957188232824,6.128875902930942,6.726844726253579,9.017918781124095,8.97761228539744,8.140472962170824,7.129537904657005,8.327109587728351,6.289084574098721,8.318267092511922,7.835076945765348,6.31258744011516,7.573572371870126,8.879868783211668,7.532548669513352,5.423009810505355,6.056690332025689,8.085243440991146,14.058735269418507,10.87116616042261,6.299298450583105,7.22804005997793,8.024737797005123,8.236160959682335,8.191488327254024,9.6246030706345,5.742137428532665,8.864140418909988,9.028407139774473,5.275406914964931,2.934388643312939,1.8976198599275322,2.303584593327129,4.807866102033196,2.1041341542702074,0.85015092936961,6.413196627680018,4.8303915770972665,0.6043159668533296,5.107882989643532,4.079400114836278,6.508649904826554,5.442504286860534,4.756516938482616,-3.248671726722405,4.392595586023115,0.7975071958841882,2.6078614738467776,6.4746928436818685,2.637627736805664,6.157550855934837,1.9615022438151495,6.479737766403461,2.689886230474539,5.830062640566531,4.589040804058207,2.2834022735772717,3.0487989944906833,1.3532545070416904,0.6931471805599453,5.244916589820922,2.556451816951096,6.967410018850389,4.572853584511548,0.9819104539737099,1.1474024528375417,3.3002714630721948,6.492936561946857,6.826165541942182,7.128439809381088,7.134412649596143,4.443709519861466,1.4678743481123135,9.539803099286521,5.104307769958891,1.855262953277638,-1.3862943611198906,3.2850380271218693,3.555633734966574,-0.8209805520698302,3.2913825156549485,-2.659260036932778,2.9096295745005794,0.3987761199573678,1.8196988379172965,4.4124345908452645,-4.605170185988091,1.423108334242607,3.120159851929043
